Name,Photos,Paperwork/Receipts,Status,Type,Style,Brand,Model,Year,Serial Number,Link,Date Acquired,Purchased Location,Replacement Value,Purchase Value,Maintenance,Accessories,Notes,ID,Asset Link,Record ID,Checked Out,Date In/Out,EPC,Location,Linked Instruments
Keyboard,,,Current,Instrument,Keyboard,Casio,,,,,2023-05-06,Freebie,$100.00,$0.00,,,,124,https://gearcheck.nicholewagner.com/item/124,rec3iMBYWszlwQtr9,,,,Shed,
Speaker stand,,,Current,Stand,Speaker Stand,,,2022,,,2022-09-25,Amazon,$60.00,$60.00,,,,114,https://gearcheck.nicholewagner.com/item/114,recws9ji4P5rYrUpV,,,E280699500005005EF4335C0,Shed,
Speaker stand,,,Current,Stand,Speaker Stand,,,2022,,,2022-09-25,Amazon,$60.00,$60.00,,,,115,https://gearcheck.nicholewagner.com/item/115,recxAjA0QoYdRcQun,,,202012151310112200000628,Car,
Mackie DL16S Mixer,,,Current,Live Sound,Mixer,Mackie,DL16S,2022,204901300PKS0430,,2022-09-30,SamAsh,$899.00,$899.00,,,,106,https://gearcheck.nicholewagner.com/item/106,recwUU2KlM84JbfJW,,,04736500000000000000775E,Shed,
Shure Bank Bag,,,Current,Other,Other,,,,,,,,$0.00,$0.00,,,,100,https://gearcheck.nicholewagner.com/item/100,recJRFIGM2o4CjGgg,,8/5/2022 5:24pm,,,
Mini Merch Case,2022-08-20 19.03.29.jpg (https://v5.airtableusercontent.com/v3/u/25/25/1706493600000/KkG5hvdC5G1bD5DDUga0-w/ONq1iaWkMCYZm_oQ-t0tdmkJL6kMcLRjq4ctcXrsDyIHQNPxVZh8J9IDGv4FsRi36jby94zK-RORypbcCO7P1SGy7Fux9IdmaB5C7BChpJmS5Mttm5jnrnwZslsgYX-6EuT9It3Ra3CL1rfUDtzJxJ73mnI-kfajX6QbL0_8WsI/aO5A1hMMLF6LJ-UwzV_Xf2p5tE-0bDd9AGoJ86UbeFg),,Current,Other,Other,Samsonite,,,,,,,$50.00,$23.00,,,,102,https://gearcheck.nicholewagner.com/item/102,recgJaIuK9kyocFOr,,3/25/2023 3:33pm,E280699500005005EF4495C1,,
Tip Jar,,,Current,Other,Other,,Tip Jar,,,,,,$0.00,$0.00,,,,107,https://gearcheck.nicholewagner.com/item/107,rec7wjdE0cjoMS75L,,3/25/2023 3:33pm,E2801160600002136007CD2C,,
Stage Clock,,,Current,Other,Other,,,,,,,,,,,,,120,https://gearcheck.nicholewagner.com/item/120,rechmEmX1MUpj5xCv,,,E200001D700D015917808677,,
Autoharp,,,Current,Instrument,Other,Oscar Schmidt,,,,,2022-06-02,Goodwill Auction,$150.00,$150.00,,,,116,https://gearcheck.nicholewagner.com/item/116,rec8EEnuRsS5Glj4K,,,,,
uGrockIt RFID Scanner,,,Current,Other,Other,GrokIt,RIFD,,,,2022-07-30,eBay,$300.00,$115.00,,,,99,https://gearcheck.nicholewagner.com/item/99,recNV3UkKRHgdS2gr,,,,,
Amp Stand,2022-03-31 21.48.48.jpg (https://v5.airtableusercontent.com/v3/u/25/25/1706493600000/7mrld95A5GJgbQmtTTTlbw/vHsKGhkxlTVFGUd0Dm3oUMfglhTv7w2q5fgf1RW04nLfCWFaF2N6zWsBimmQgqj3YJfGcFH53SmnLUZRQrXpddjMvE3uf2lVYjoOBmBEDmCIXh_lSdsq8TLn0aPa8ZOUpJFdl1wHhbj3YPXZbkNVUt26IQAjGxnkuH_6X-ZPUuY/w6oAeB-ZciIaH-Gp_jbClbsDBLW8MDzLveFNdpzdsRA),Screen Shot 2022-04-01 at 8_10_29 AM.png (https://v5.airtableusercontent.com/v3/u/25/25/1706493600000/Rio5Vc1X6rHoh2ZZF6fAvA/zxfxgOl7q-1iMP6JCBc0NAkN6FtGLOUho7PEVcvHPMuWpyNVp4Vfao-WLUFumh4GBHuc_vBTM8cAwpFBP5E6sGVNKVwq5HL1oU63JXB_OozQfstJ8VJxPuvZDn4YqAcEzdIk0mNHd7awPSOSpHfs4QxbTAyBbbWeAlxN1PWYyFE/BfNoNX84J_qSLbKvuq7KmQQjz1PjAXhEPpLcKfXrCbw),Current,Stand,Amp Stand,On Stage,,,,,2019-07-01,Amazon,$42.00,$30.95,,,,67,https://gearcheck.nicholewagner.com/item/67,recGf7agWXsN2zNFY,,,,,
K&M Mic Stand,2022-03-31 21.48.00.jpg (https://v5.airtableusercontent.com/v3/u/25/25/1706493600000/VQYECwWllWXQMCDBTHB3nA/Mwk8xfsj5EWXAAJF90mSfLukg2wzzsObcusBGNarshmGTZ3HEeWFzo2RP4VgniNqYOHdHZCNuUMQ0_4HoJyLX02QqqAt-P1T9riGE7UkbItVAcOaeMxuBbqW7nm1Uy3Z2CcWlESaKnqGmiUxoWWcHEiGtbKxvNrbzpuvfePCfVU/1D9WYyh1HVwld_MDAklefVh27BKnTXTUXrItC9O1ALc),Screen Shot 2022-04-01 at 8_10_29 AM.png (https://v5.airtableusercontent.com/v3/u/25/25/1706493600000/ySsx4A6V_c1gC_nCkR7tyg/qH14qLGotBMq1dZ147PXSaEJgK2Bn2GRtDkIYyh7FxZ8ssyD63VxyapeoeA8qiO-cyyfKMWh7TkkJtIK_6Kn6EMgxE3EXg6UHwvXzT7Z8LDdZ9a_9Zc86hhlkh5iq4GdkHm7LMDr2gEfTgKmEre1Br7FISMeJvEPCDsu5UnVNVo/mYEFoIgepma4k-XOwY2gf6qtc3aZ994yZEHFadV-630),Current,Stand,Mic Stand,K&M,21020.500.55,2019,,,2019-06-11,Amazon,$80.00,$66.38,,,,65,https://gearcheck.nicholewagner.com/item/65,rec2hxHvltG2RJNBj,,,,Car,
K&M Mic Stand,2022-03-31 21.48.00.jpg (https://v5.airtableusercontent.com/v3/u/25/25/1706493600000/VQYECwWllWXQMCDBTHB3nA/Mwk8xfsj5EWXAAJF90mSfLukg2wzzsObcusBGNarshmGTZ3HEeWFzo2RP4VgniNqYOHdHZCNuUMQ0_4HoJyLX02QqqAt-P1T9riGE7UkbItVAcOaeMxuBbqW7nm1Uy3Z2CcWlESaKnqGmiUxoWWcHEiGtbKxvNrbzpuvfePCfVU/1D9WYyh1HVwld_MDAklefVh27BKnTXTUXrItC9O1ALc),Screen Shot 2022-04-01 at 8_10_29 AM.png (https://v5.airtableusercontent.com/v3/u/25/25/1706493600000/ySsx4A6V_c1gC_nCkR7tyg/qH14qLGotBMq1dZ147PXSaEJgK2Bn2GRtDkIYyh7FxZ8ssyD63VxyapeoeA8qiO-cyyfKMWh7TkkJtIK_6Kn6EMgxE3EXg6UHwvXzT7Z8LDdZ9a_9Zc86hhlkh5iq4GdkHm7LMDr2gEfTgKmEre1Br7FISMeJvEPCDsu5UnVNVo/mYEFoIgepma4k-XOwY2gf6qtc3aZ994yZEHFadV-630),Current,Stand,Mic Stand,K&M,21020.500.55,2019,,,2019-06-11,Amazon,$80.00,$66.38,,,,97,https://gearcheck.nicholewagner.com/item/97,recbeFq7wBpS5Hky0,,,,Car,
Guitar Stand,2022-03-31 21.48.25.jpg (https://v5.airtableusercontent.com/v3/u/25/25/1706493600000/s_laW_l9d9e4Lb8wKaFvNw/J0bXoO5HLCtGAJVnwPkRKfnubNEqc2ffEze_OW1_8RRP9K788TNCxTPY2lCkhVxOgWGMM9oG1drj0lMIo8REV9fkRNhQrOL-PkALXbeg-1rAQW1L4sbYLNzf82qlbGgIKPxhrSIbVDpITSfS21GWlIZLR9UYEeArUII1gFQiSoA/lJ8qNwGjCcwdfaDOUBDymaY_Qu8bgWOpVsXanEJhWPg),,Current,Stand,Guitar Stand,Hercules,,,,,,Amazon,,,,,,66,https://gearcheck.nicholewagner.com/item/66,rec4M12RDuCYMrCdr,,3/25/2023 3:33pm,E200001D700D02631780EADB,,
Guitar Stand Collapsible,,,Current,Stand,Guitar Stand,Hercules,,,,,,,,,,,,126,https://gearcheck.nicholewagner.com/item/126,rec34E35KpWqLoZ16,,,089600000000000000009411,House,
3 Guitar Stage Stand,2022-03-31 21.47.17.jpg (https://v5.airtableusercontent.com/v3/u/25/25/1706493600000/UD---AVEbQcRmdj-nVJlaA/qwWYCLPTdaBxqZpqS9dZtpxBRaZ9OPZ_oDmp46fAp3kFqv8mZl7aoVvxCCi-Mbr6rhrZDuRtp-AMgYcNlLcK7Osg3bDMyN5d8slGLsqBH3dmPHdG9D9S6z_avOeEeVQJT1JSPLQAvx9mqOLYtCGMDmeeCW-LH7C-gNXMIrvM0BQ/usJGN2aUR2g3a7s3RaEUGOyRZTNzE-eSulgouc7bT1M),2022-03-31 22.10.12.jpg (https://v5.airtableusercontent.com/v3/u/25/25/1706493600000/2dABjkKNc8mHmXAiN2tVdg/3GJvUJ3TB93PFxFf5O4E-AaSy0PLYDzPOYErqgmmrx6rcHX5TeTLiJVNT6XOQlnVpNWC5IT4VeDc3Ct7V6HmBHcVrsbwuarRoNdocuKMEcaeaGxsWev7SsTPY09M7K-xHCvoXr8X3aaPNuol0blyW4037FGLfCozx48jWANOzKo/5JE_PrR-E2MvZqEypMEKPA3dEJOwU8q7YqTgyaySXWE),Current,Stand,Guitar Stand,Hercules,,,,,2019-05-09,Reverb ,$86.00,$78.00,,,,64,https://gearcheck.nicholewagner.com/item/64,recJXwK9PWQrIhCQK,,3/25/2023 3:33pm,E200001D700D02791780F43F,Car,
Lava Cable 1/4” Pink 10ft,,,Current,Cable,Instrument Cable,Lava Cable,,,,,,,,,,,,118,https://gearcheck.nicholewagner.com/item/118,rec2CAAuctPOcrXy1,,,E20020170508000000000057,,
"1/4"" Cable 10ft Woven Wrapped",2022-08-27 09.45.37.jpg (https://v5.airtableusercontent.com/v3/u/25/25/1706493600000/3q3ZCwoMG4diKnQPIExpnw/ymWkJsqiQHYKPuN-idjtDjcAjHkLmXkJrX-3emkmoVFMt8HQT1tspeSWePh3NNt304Thwm2JkmJeoRUb-4n9pFyHoG5d3usKABi9y5Eyc58LPBP8d0Kd2e0QP4irIa9g6Qo07ncEHAH5D5uLUzz8vne5WU7kEjKo2A85agYiUNA/5plNDkcaqMHl98HPeLpGJcH6iKgXyrASVWIGwfhKMAw),,Current,Cable,Instrument Cable,KIRLIN Cable,IWB-202BFGL-10/CA,2016,,,2016-02-15,Amazon,$16.00,$10.95,,,,80,https://gearcheck.nicholewagner.com/item/80,recjw48QsF5FF7BID,,8/27/2022 10:10am,2018081410257A031A2000DC,,
"1/4"" Cable 25ft Woven Wrapped",,,Current,Cable,Instrument Cable,KIRLIN Cable,IWB-202BFGL-10/CA,2016,,,2016-02-15,Amazon,$30.00,$25.00,,,,104,https://gearcheck.nicholewagner.com/item/104,recE8rdpkCJwKiW7l,,8/27/2022 10:10am,2018081410257A031A200140,,
Rosie Country Western,"2019-03-10 11.32.48.jpg (https://v5.airtableusercontent.com/v3/u/25/25/1706493600000/C95sQfFsvS3OntgHwWXY7g/mgwK6iu32CZGMd0K6o05jrty9NP-MwB1dQmvmXYar582MIggRHxt094z-p7i0Lwyq8qU0iyONHC17NIGg2l8_HewT6PVWy4_LB-bQw_Fk_kv7jF0qY24dYJ7qR21pRkGy8AeaiJHEMh15-POhrblCOySL5kCp-ikdH2Lpz75aic/CYzLHORSFajZTXshCsAlwyetyl06QBp_gcgZY-MLDME),2019-03-10 11.32.57.jpg (https://v5.airtableusercontent.com/v3/u/25/25/1706493600000/Mq8oY4Ncnvt-iZfO4GE17Q/9ez4XaiNABEHwjMiJgo_eivBuwxoxOV4oOtSNWzmLlvkOOtvAdmLbEJ4MliTizoQQ_M_geebb3O-GDWHjW4kYZurocOvZydZTMEb7HXz53UcHERSur4SxEVGjh99C1Y2Fj9DaT9jTwgGFEwXJPTgywsvnxpkR_WopXFO-OfiZS8/2bicQ3ojG-eoDvlWC0SWkm02eTEDTiP203TFPQTEEp8),2019-03-29 00.38.05.jpg (https://v5.airtableusercontent.com/v3/u/25/25/1706493600000/UIVP6r9o5yq1EoiJl-RONQ/ng_BRFEurSc1Lz4l7mAD8t8_cDnX08R7FF7TlU1DHlGcQC3CHKwU2rrNruiAzOX9wI3pMre6axPwoNWfqOlgFcD8R2hNVjAD5AIJ9muVELG-5kuxARHszpRKguubP1bSIPCb3vnW2BBqkbEuVVIMr-_ou-AzCFx5x4IUfV6G0HU/foCno5HGn3BAhrWlCI5S0WTa-TlyjvuxZflyIfyrssM),2019-03-29 00.38.25.jpg (https://v5.airtableusercontent.com/v3/u/25/25/1706493600000/vQQpzb64n44RiQ4BC3GZWg/SJH7Fxd-6BYMywl7NBrVcrn-Nr-wGbSSf5fYaRObT7ghfvGwRBxafm6Y3npy9l6gl4ZR-tmPcHyx8_GdHTHHjl72d0nsrgF2YhV3SCcEgGuyok92kxiDjQKj2FVrOMfc66AZacC6PO2WdLTOAh6NOEpJSFFUvVfue-LFJm282yk/DSLem4YnlcLzC07NvXGHW9Pp-2GaI6F5aBnQHG9L8PY),2019-03-29 00.38.17.jpg (https://v5.airtableusercontent.com/v3/u/25/25/1706493600000/FiE6EITbWmq_biq77anQvQ/D2-AoUlXoqwd0XOqNvRzAnREd_bd8SHsWGrGYHb4q_jB39MBL8BERun80uM5OOkoImyy1QtwG5Soo3INVtfOpxHgsRtvhulKtIySd06eLImUpgIoJ6cO5df7W_SOkNOFuiqc_N73q0atvsqMlkclFi6_67NzNqiuJwVcOx0h6jo/E2QA2-tIi2ekLvBr8Pt1TIZfpRgpg17uDzpCVX9cWN0)",,Current,Instrument,Acoustic Guitar,Gibson,Country Western,1965,30114,,2019-02-28,South Austin Music,$5000.00,$3750.00,"Strings - 2019-05-13,9 Volt - 2019-05-13,Strings - 2019-09-08,Strings - 2020-02-26,Strings - 2021-04-27,Strings - 2021-06-16,Strings - 2021-12-26,Strings - 2022-07-24,Setup - 2022-09-25","Tuner,Strap,Strap locks,Capo,Calton",LR Baggs Element Pickup,25,https://gearcheck.nicholewagner.com/item/25,recTcn4521hrloIe3,,3/25/2023 3:33pm,E2801160600002136008093C,,
Bobbi B-25,2020-11-25 12.03.37.jpg (https://v5.airtableusercontent.com/v3/u/25/25/1706493600000/cQh6KEV0re6meuayN6K0Ww/M3Q5yUcUkubCIimNnAA5SOC-aSxb8FQUkdK6f2-VO5WtgU0n0XQks47ZSZAaxRO3MAqtvMTgDSoXIyuprNpxx7rwMye753MjWtwQ8pMCQbwkCCUoBLFHP3EuLHe6kpdum4mhgbslG3RvQODBdd_hJBz5ReVgdTnjUAQe1Bomz-M/8zrVmvnVvnrbCUFuv7zQXdpnNfu9DtYFZfKMC9VPQV8),"2022-03-31 22.12.09.jpg (https://v5.airtableusercontent.com/v3/u/25/25/1706493600000/q8XzzbYfNmeCaUERLwM32g/b0DBabVQQFfBtfiy3NI9KcrZKDIulqwm0MfcvgCfXTVWEfpsdE_Vj4J6f3xUiMrXFuWK4SBJBfYvSmLVIcIqIbcBYdOKoera1tYcPms1-XsJKoTwB1n0Xr5LTuIHBLVAtEn4vgrAmY1-94N3PUkUwWNojyAu3NEAEQCDctb9wZI/J5Eq1vc7z8iWsT0YkBmjsv6SKOz7LnT1imcgrfEYxOE),2022-03-31 22.18.40.jpg (https://v5.airtableusercontent.com/v3/u/25/25/1706493600000/YqbdsqzJdVOJCmRT8pysWQ/hYUf-oYx0CjRZluZH_no6BRyHMfx0ueWwB49nD6dmfaOW1jYgg_61rfwCK-1en4P31rjniOSpAa2nT1HWiX0E_E2TAYAtHjOP-e4B93AXTYUPvFGYTuBMji5thWYXj1KrfQvh5UEmQRo3GudAVYpM4qCK4TmJOXLTp8zksdCD4Y/2Bj2kaIj5M1JDppWbuUTf_ai6CR0bol9Qyuo3Pk5OYE)",Current,Instrument,Acoustic Guitar,Gibson,B-25,1966,804785,,2020-06-16,Reverb,$3000.00,$1500.00,"Strings - 2021-03-13,Strings - 2021-06-16,Strings - 2021-08-20,Strings - 2022-08-04","Strap locks,Calton,Tuner,Strap,Capo",LR Baggs Element Pickup,36,https://gearcheck.nicholewagner.com/item/36,recjHuSfTqaAcHwJ5,,11/2/2022 4:42pm,E280116060000213600823BC,,
Gillian J-50,2020-11-25 12.03.56.jpg (https://v5.airtableusercontent.com/v3/u/25/25/1706493600000/bH-SwiOSzj7RGnkB3suDlg/VnKmpvmhO5h0FwfFgpbi63ADRtrMgvG8_YJos-4_lREC--hsu4hQQZ0QC5qcbaP_6kVhV4MTTYB9MQcNR8d3u2hTIgcUlUNnhYEkJjBO7SMLN9_VulhwR9XP7Pm6IbXo9HpybDb_OyORaY1-iKoECfQKItkgQm9qxFdqUr7oRrA/Aowh5rehbrYWC4KOp8cZWLLHx4ZQJG4QzWfzU-WXY3w),2020-11-25 15.01.07.jpg (https://v5.airtableusercontent.com/v3/u/25/25/1706493600000/YRZNRItkKpvj_S3RxX801A/w48tZnM3Hi4lew8hX6SswP-CXC08pWFeqyGCUAtpfdjSXazpandQhY5Vv12ae9eMlHPrd8FTiCPs5IG-VdGWxtGXwlBuLcvwtKFuoI4B-K_5RD6MSI9ibC4EukKhCtpHsAWITvvogOOBWgnuaT0MSkxbXJyH-pOp_4ff_YTqgig/sAXGIn9yjnw0Ddk3ky22-pTlnLD6BE75JY-FKrSOjjk),Current,Instrument,Acoustic Guitar,Gibson,J-50,1966,369171,,2020-11-24,South Austin Music,$3999.00,$3800.00,,"Strap locks,Calton,Tuner,Capo,Strap","LR Baggs Element Pickup

3800 
- 900 (Taylor 510) 2020/11/24
 - 600 (cash) 2020/11/24
-960 (Martin sale) 2020/12/22
-300 (2021/01/24)
Paid off March 28, 21",41,https://gearcheck.nicholewagner.com/item/41,receskXGBp7zwxpG7,,9/3/2022 10:18pm,,,Calton - Gillian
J-200 Jr.,"2021-04-19 11.21.20.jpg (https://v5.airtableusercontent.com/v3/u/25/25/1706493600000/nv9T7D7IYhlpqstJA4jJvg/QFWR3YJdWo2UdOtIzovhVoveTn41h-PR9ic8ATYtAqEJE0Eli0mCDPBKFq6rglrNx4qHUah03X9obMt3ksiCr2SIYHeiFrhf-PqEwuNBZZdOp1DocH8g_pCYgXjZsJapqK1eQm7It8evBINZ2Bd4MGROXL_4CcEY4AIT4fo4IDg/UiPoUp3A1466PmetMDVo5xCEfA8loxx2zm9pbeN6Pkk),2021-04-19 11.21.24.jpg (https://v5.airtableusercontent.com/v3/u/25/25/1706493600000/CLlR5Ftow0p4IwounCGElg/d-B2UNxHe_8eKvMxuI0in3-U3KaaT80m-4N7taMCDwC-c2bj4xis1NOOVE1R1BNrMS88Zl1CRPj0xvgQVSO_hOYU8iMOQy9WGkyvXQdzD506rzVIg_1ZgDHn4qwb59oTuZmLoB06EhP5HOZcuAxtEBhTwmTzK604GvKcgmn6F1o/uLk_yFXUrCQN62Zcf1I1DYitxsiqhJI9HB3h6Rii27Q),2021-04-19 11.21.27.jpg (https://v5.airtableusercontent.com/v3/u/25/25/1706493600000/4wCfP7nROVDwj4yMnUgoxw/h8cjhoYfsRcSo_uQgY5v6DYbDo7TQ9iL_1l__rAAqmuY-ZJNACLxr_VZGhMInbI-Dfs4oCg3pOO81iPh-FMmnzU45c2gdD38WV5gOby84Ge3MKuMJ-X11xPlj47oMUvAZC7-D5VTIxBXpr91z2mDKkVNBDNjdi33jnWNwXfcDHk/VNEPAl_SdNLz7okXKvwNEygWCjtmi0Ne9JhXZMgZYoA),2021-04-19 11.21.28.jpg (https://v5.airtableusercontent.com/v3/u/25/25/1706493600000/7LPLtuhgBVbrE5IDeeWRow/-iesgZs0_BE88fauAc5YbKHJBxjnouzDll5gqIy0fB4NHs5U-ZpbveEtW_fGQAa7ao_DM7l1zbnpZPqCTYfLGy3-fN1PiE5VzB1CEc5uoas0oqWCy21lJFnTOz3-wwxhcWPP834FZbxeg26PcKGDprZoNzmlbR9GPFO_4oedSy8/jraHWdPKdWOBD6NALLtp8mHCSF04O-CTNf9kuCUpuLE),2021-04-19 11.21.36.jpg (https://v5.airtableusercontent.com/v3/u/25/25/1706493600000/ik9SDOHt0oV-7lzqGjW2Yg/tTcnFm18YwgdVKSEZL1UqbVWNO6QcVYjYKpo2gc-4Lz1CLlM14dFmk4C0loJ1nMTeW1oDr2v2tHIsyXzSUKn1LlF-NoMX8byWySV-tM5KrCld3pWin27EkWjuRxc0_O_pY6XaStw0tygeFtqEZ6D9KnlP9csur2eDYICj-GpLd8/Ejtnxty22H0ONRYeCfXTWLZKoOYPI8bqqeHwMP1JDpQ)",,Current,Instrument,Acoustic Guitar,Gibson,J-200 Jr,1993,92893009,,2021-04-19,Reverb,$2700.00,$2700.00,"Strings - 2022-03-15,Strings - 2023-08-13","Strap,Tuner,Strap locks",,45,https://gearcheck.nicholewagner.com/item/45,recqllHT3qLOtwFpc,,,E2801160600002136007AB9C,,
Taylor 612,"s-l1600-4.jpg (https://v5.airtableusercontent.com/v3/u/25/25/1706493600000/99poxX9F5iKX62o1L1kgIA/YfRyGn7QUsCE9w28hdzAqUo9sRhH9XZpHbF5I-toOvOvSVnseMmw1gslbiW3nUVTil8ou-MrTklsm_vCv1KBvba9Xc-T46LYyuSAQty9sA9FR8cJkrjCVjRVFS-h7kW2MPBCHfe_kA_Rw3LWa5kEVA/6jcmW_-tC2DwhAYfKlqFNmJ4C281oMu2wLImltwPtXI),s-l1600-3.jpg (https://v5.airtableusercontent.com/v3/u/25/25/1706493600000/8Ch_D2A9J47066sn54ZsHw/pMA-bVAUi_gLNJWLCOdOhBHzwy3ep0fLGV5k-lpRHSlBSCBpEpeeZHszimYDXFuqGja9xIKJwOFMEE1NV7nyP5T9S3OGgObcUkoyPYNVvWMY5JOrWJyZ26d0zLpWuOCCTox5TGQMGE_3U5ZiB-XaYQ/o9pBd_3hE-lcfMguGMXP-lBOm7VKYhJH1P9xLNbSppM),s-l1600-2.jpg (https://v5.airtableusercontent.com/v3/u/25/25/1706493600000/zY68KiUXt9ifmTxMcYceVA/2qDYTEQSgBTfk_Hu5wtbaggI4w8rw6oOliyhddno0BTZxQ2tFm8My5gopzBsEPvjkLfvl_ILLW16jQnwfF13OvKInImgsM_WlnT-u6F1Pv56XgqrJwP4Suv6JmlwapFXeya_hWJQrQjLkiK9aO0Ugg/1Roj3TEzL9Ym9VyiMFHyj2IKh-U9kFrme08WHlvzf1g),s-l1600-1.jpg (https://v5.airtableusercontent.com/v3/u/25/25/1706493600000/RhbQQH_e4fYJruqd6ruZew/lIUzI7a9a_E4Bby325UNrh80HcrEJyLFlsDQ7ISH_xDMkD8gBUiuAaY0m4I_TiHglao1UdWnynmJtdRrb4RRDz5_7lWE1maI_2BgbDlDOzlnRso-RJesF0WzpdlWyFjH2CysJPVxLkdSKQhMg_sb1w/zMkBzrfJ3UCk41SBQwBq7YbUjAba2rL_Q1No2tAoF_g),s-l1600.jpg (https://v5.airtableusercontent.com/v3/u/25/25/1706493600000/rk1Z5QidAopi2vgK5aTOmQ/Rg-hcP8HwmIdhZJTuelMEMN8R6LMViEMYH6BjIpJ4A0kTjItDRpsiUNBigbaqym8OhOp41SCeIVNHqdEuY3I-6bmRLqwhjBT2ZLDPui9AjH6eCQWBj1FWcnPpRcioR8hIMF2fBtgPNUPEYNLYGzFaQ/pWlTe9ZQyWVVr7eteA9VN9Nzp70-oFQsqGDvV0Ppe8s)","2022-03-31 22.25.26.jpg (https://v5.airtableusercontent.com/v3/u/25/25/1706493600000/RMDVV_gIEjoiBJsHKgng8A/HCBu2fWwtJfhZCB4JUz24EDZmuOsjiVPu0eZXf_mfgTdN9fhwIlQaWLBjSHsrt9TyyOWndKvvZtcL3POHdOcNAeDyVFPbUExJe3FdHIX9kb78ZEMPM8wCWovghab38-MFnkEoA1x5t4-5KluyH1px6_rbYB0TLEUi1L6m1QRY1A/C__QhmYpyT4ayBTUeJsBwTrjuUjKHDihjgb-n284NH0),2022-03-31 22.25.43.jpg (https://v5.airtableusercontent.com/v3/u/25/25/1706493600000/0qqw3Qms-zKnYIdPLAQUig/Ddi5e41XIM64hSSUTrGGA7qE65r2fUjVCqYPG6FykaKtzabkwCHv99Y5WzwUy9zJpzFsUXJ_q4lQP6aLBuiCnGTK102bzTWcu6ny_X83mR5V0vtw0hH4Z8YR45Z1X6Ph64a9Lj4No_C35EIFHdaUhY38rxPc4i2TMSP5DJz8NDA/MwOgnQTFc1DsuWbt9MwX9PLpIl_gKr_2A0-A2IHksEU)",Current,Instrument,Acoustic Guitar,Taylor,612 Custom,1989,7810,,2021-09-01,eBay,$2800.00,$2250.00,,"Strap locks,Tuner",,49,https://gearcheck.nicholewagner.com/item/49,recTN9AkgAsdI4YCt,,,E2801160600002136008092C,,
Parlor,2022-01-05 20.03.29.jpg (https://v5.airtableusercontent.com/v3/u/25/25/1706493600000/04FwSfzuTYJPjAj7tq2Y4A/ANtE1v3Ecc2kAuDCsmk2qV1O_ozx238fIUHd7VoDwlLjlcONvLTvXlatQa8ms-iyK0wrmg_fEynESQwP1X33bgHnzcaPQ9LG1DhYRfU8d0JsaCS6J9ShdOGUfOuJjwJ1WSFsqJT7yVa6kIX7orkI_OTsgVZCMZGf0NGPUqKb2_0/2avHJfqXykUThJNWTWKP0XVa9yhjIVfVNwvXe-CqELo),,Current,Instrument,Acoustic Guitar,Harmony,Archtop,1947,N/A,,2021-10-14,Craiglist,$800.00,$475.00,,,,52,https://gearcheck.nicholewagner.com/item/52,recswQtR9Pw45RcFs,,,,,
Emmylou Harris Gibson,"kiunasi87gptolmw0ri3.webp (https://v5.airtableusercontent.com/v3/u/25/25/1706493600000/dkg5ZX7o31b30w5vdHW7mQ/Q3ARAmnUt9Lrn9JVIzdZK_eLN-zDH1vKATNwqrCky0fnbawMlhXUq0BUGCanZkBgV6VlRxlM-EeRpM6uj70lq1yoezguk7LQrvDG79JAvl6k-0quWlFsYmylN1h3E3q92VfPc-uuxVpWYGbz2a_aguXWmjnNTlTanbPRmeuOd5o/BrKytssDNdQEy9rpQntaCyMeep2Jmy9c2juqsK2UDV4),fxilqvrccesiim7p9s3w.webp (https://v5.airtableusercontent.com/v3/u/25/25/1706493600000/cRXE-aMPSjRf99V1zuBMtg/R-wWD-oFztcdRLOBSJDNwKLxCmnlhpLz4c9LS2a6h0X7seKzzzhA1xDkW8yRtMrB87uKHaogYCurP18fi4ofHNaFHe_FEVAjwSxavrK134rft8G4jlgJSkKO-qVrBEwWiCj_oqYzKSx5IMNjxebPfuA2HjWRXQTIcWC7fSBHAok/VjE50gijazTvRfhzzfTbKZaQXlfOT2_UjENAZ_36JuE),naa6fgvqkdmhdzboaobz.webp (https://v5.airtableusercontent.com/v3/u/25/25/1706493600000/ugVjDZtxV5nZjL5dE_NGaA/elVA5SNxppos76cyiYxqinMu2w-XBrOBMQpy-1dGwwQJ_7ppG1-s3qrgm7kN_Fn3-6ztUI0BqQEdyn1Ib-xRpDcosgJvdRrDYQjIANyErUpWkB48DgX3ykKTfBZ2CmRQJwx2C00VnFi5Wz3KVJ48pxUPxiaWJGj-5pH_1Z4-Tf0/J6g5rnQCM47_VeuyS6neWjwoFMoTosAgmqDRUPBCNHo)","2022-01-07 14.23.12.jpg (https://v5.airtableusercontent.com/v3/u/25/25/1706493600000/P2huUcyn4hmQGj5XXPm4zA/Ix5allwyDDdLMKqRDIFs_54OdRVEK7luWCrM1MpXdEVHLLj13GytGZQH6Dac0cKRy8Sgv5dnDbAOT4xLGVvMKQ6gpc708MdOCyS-pzT_-Gkh-HlD24MWYZ-xNHqfxIMWZJvGAo9__RrvTqhcZr6-2FNZqDtVpIb7VDIvmHJclh4/p8xf1yNQ-5_KudXfWhOdDHdThCMCpXwuOf0FM_ATL_8),2022-01-07 14.23.13.jpg (https://v5.airtableusercontent.com/v3/u/25/25/1706493600000/3kPM75h2Qez_rl-dPeYNNA/ltTPJI0j_Ya0ufjL582hAt_xbqmpVQK23uaeSv_6T-Q8oIE5aHgVker5seEn2SpTIjMDIzu3RUdYomoIoj3W5xt1w-A94sd9Ria7d3yyL5ky_Mvi1WHlUO2CZ6wFolB59wygtjP4Az8HH49DZSazqkilSCkREK4-BIQhESy81uY/PKrbTcOdFEXpKyAEoynkTeaILh_CMnLgw_lxrICr8CY),2022-01-07 14.23.13.jpg (https://v5.airtableusercontent.com/v3/u/25/25/1706493600000/-2kwdfrK_j1an2IVotcM1A/m9Mm81Pi8yaWFpg5RVSV4rnfA7ubLMetPSWNRIbMXk485phVcaFZ6X-226lFAY1WDEhcE-0jSh35-JE7OKw7wmUCiZn0ETAyr9q-jkB4W_VX-P0W9OviIvOEv6djlgQqEmg-BDJpUV-73FJcDfS6EJvhaUD_54yi6N9cneYYMwE/Jad6H6a3PkhwRXR5cOUbE-F8bEoAIjoX-EHO6KwiZ58)",Current,Instrument,Acoustic Guitar,Gibson,L-200 Emmylou Harris,2005,01235005,,2022-01-07,Reverb,$7500.00,$3000.00,Strings - 2022-08-27,"Strap locks,Strap,Tuner,Capo,Calton",,53,https://gearcheck.nicholewagner.com/item/53,recX5izLx1R4h73RV,,3/17/2023 5:27pm,E2801160600002136007ABBC,,
Gibson Dove,"2022-08-29 15.03.41.jpg (https://v5.airtableusercontent.com/v3/u/25/25/1706493600000/KM_sr8pZdFM80CPU5MIgug/aUsv0fFwrgFzk3QvTYWe-Uk_jcGWhN9HKp2gH8kzz1GVQY6KLIcUUDLettMjGPh_E0uevA8njtirB_Fgqm7N6RK-7Kfj4_I2GnpCzvg1Eb7okQFZYzTT4a--7wUZ097cYpz-C3luLxYreEzAXXqEO6fSTvVT2_pmxXWd6IP_nNE/0tDNMhwmGjPVfByMqxOhsjf3dZ5G4tqmc-r1q0mk3ac),2022-08-29 15.03.41.jpg (https://v5.airtableusercontent.com/v3/u/25/25/1706493600000/yTpJ5bk6zErY1d3b7kyGeQ/CtGpZ5AGzbArfL_9au8J1SPt9KC5R3kg7qfMpif7fFeZPVL30NsZqXMULBSXkvJJPlKWX92KU-vaCP235a769jSbKzifti_A2Umxnc4ArkbFCk6NhLxVlD6QtC9n4KZXTMVcNt6cahq7fHdom7PpIihgOslzVSL2cjT1kP9Ym-M/pnRyRN9YtMPxJFx4vtk0lxvYxOlCIey8-S-BfGNKRmk),2022-08-29 15.03.41.jpg (https://v5.airtableusercontent.com/v3/u/25/25/1706493600000/4Gv4f_yWvdaQvSMrAnEQIw/gyrw1SzWDrcK_lxHqY7HW3TegnzUC4FOaBuCgkeufWAwC3ngHHmAzEnV_oBDBIowadJyDqepNm2Zn_TO7aZfyc9HHLbbMUYkc5HFp0Ew-2uxjgtY6zoVnZwUAu7mO8r-0LXg5BAt7sUDo9fZtPMBnjBTC_FLB-ztRXuxYDF2oME/-UKkxjq3V2VcG9mhfYCGPSNinV92TbZIiMJpz39GNMA),2022-08-29 15.03.41.jpg (https://v5.airtableusercontent.com/v3/u/25/25/1706493600000/kL-akxB52Zd47vVj2b_rxA/umHQc2fT_sYIqvRM_F71KbxPNd9HTtvDchB7Jfe_sN_sBiu6DtsTsMZ6uCOWFLXyBcoPaPRAqGa9IqD9BChGFuVTV0zrzJ6OIW03uj2tyZCUtVvT8L7XccXd3qIyPyFB30saGn1boRGWKcS2Fma_al2sc7GOunIXF3o6ftU-uIs/8cCbm8s_2TOGWdgoW7nupz17eOfgLK9vWxWQYjy-kbM),2022-08-29 15.03.42.jpg (https://v5.airtableusercontent.com/v3/u/25/25/1706493600000/pOo8WRCFqapUOzU7FVc0iA/C2wLTMaYyZA3umpUnP9FdRmGWnY3xit2zjTtJiXqdYHkNO_arEO3Id5RTErPRtzkzvqvgG5GaXqFaA8gCgJX5iLe9wQD-JgzKqJKrjOseiiWZXCayJnITrkRH-OcRsjq-eAXcb3zfwBe3bhGA7ubZF76Y6k2r2PXso5Qx4Z0Q1g/sJFGfqdxW9cwhsNbe3ragPCpFH2DT9xsxHmW8pe-_8Q),2022-08-29 15.03.41.jpg (https://v5.airtableusercontent.com/v3/u/25/25/1706493600000/9UDf3-aKFXSXCzOjxAufNA/nZYczsCGaOb1mlbuDL-9yTxAJwm1onmxHXrwpsGZ_zBX6WBCRjgL9doknbXObPSOl_OW8JQe2QpsSo7C7s6Jq90nzEWwdyDzi41F5H6HdSBSObx4x5swppbP1pEx_dOIcA8wkFst2Tb0AlqBdoY-C7RwKc8JXo_boKpqqwBCso4/bhoaAr2LGM3ereKkzmex5mkri8xmUvPteMm2vH2Z5nc)",2022-08-29 15.03.46.jpg (https://v5.airtableusercontent.com/v3/u/25/25/1706493600000/9Ot4gnJJvVlcAJtObf1Ymg/BjXHNs3TbTuveys2qTWGr3M69AOx32yoUf6nvkxu2DUZtpuM8GHVyQZdzXgxe7ouAUDvcIhwBbPn1RzFtWJXBGtWfX2jyQsyO3wMP2zTgilLJawfsK8Lfi4huHkpRWuqThxJHWamF4JYIF5JGdiZaWjOywoNkFWCRv52epSQJAc/vJvU858NnJC-Ng2VknVmKh7Ubjqp6Wg1bo-rBqLwPlc),Current,Instrument,Acoustic Guitar,Gibson,Dove Custom,1973,A14608,,2022-08-29,Reverb,$4500.00,$2100.00,,,No pickup,105,https://gearcheck.nicholewagner.com/item/105,recrPa0MetUCBkZAa,,,,,
Taos Strat,"use-guitar-fender-stratocaster-us-strat-plus_0.jpg.png (https://v5.airtableusercontent.com/v3/u/25/25/1706493600000/mW4uVyBqhgOTEOvANvqUgA/SjexU9Jns-w_GWJMyLizt74g2V67s-spal4rkkO_xk456nMtUG5boYiCrHJyIZGMWaWgkXLw59k7SSLjc9yeY9SK7tgQB-umNr2EqhEaGUDNAc_x1Qnk0tOeV6FA0kx5p1TsiRvCY8fs4MiO8YG9UQ/v81V9SNj5jr7qMVL7Zoz4fMeOFs8DsO2vmnqYu69pIM),use-guitar-fender-stratocaster-us-strat-plus_1.jpg.png (https://v5.airtableusercontent.com/v3/u/25/25/1706493600000/w5HiJQ8alCxB972WG1XdRQ/3MGvthc82IjRwgIH9NCSC48AoBs0X9dxBxufbxiLJo6OQ6rezffJE7eHN_u9Ognx6dZjsrQb8peWE_VGgLsQAovKhdyzBllwG6hlHVx-qgxc0K6uSL88f-gP4VDXulnEaol19-Z-H2NgtZAUmvymfg/4wQNd7---juJGHTpx3HFPjppIP_pcHURvP3yBCnRIlY),use-guitar-fender-stratocaster-us-strat-plus-1.jpg.png (https://v5.airtableusercontent.com/v3/u/25/25/1706493600000/hiSSKNEOex-rF4t00mhrpw/ZGrO_kXPIrCnKIZ2Hq7Y73y4VZQpssJDOQhxylyu0vu9V1Jx36cUGn8tpMsVwI9DEoY8lJnY564P_z80pkdN2RRZzD63v4pwRf6lmS0QchN3km6bXuXqeZk3vLUgFBbQtU3NgycpI5QFef4BwNrq_w/ug58MwHa2JAMRU3DyOos6hKdO4H1qHMp16s1RS9jx_k)",stratinvoice.pdf (https://v5.airtableusercontent.com/v3/u/25/25/1706493600000/nkhG_Me2ahhr7bg0zqQINg/8kyS04qRnHMuP6I5IvMtcOlp7zInJa05g-ZpBPWvCzmmfutD_jdDoyqqR-v2dX-FAbmeENr_45Wuurexr0GMZWYvL3kBwmNm4RPbGC5CtJQ/BBKjoW0GZNLSUo4GkJchBG0CP_rFkAmNUPl8tikZXzs),Current,Instrument,Electric Guitar,Fender,Stratocaster (US Strat Plus),1987,E474014,/instruments/4332,2015-10-16,Chicago Music Exchange,$1600.00,$1300.00,"Setup - 2020-02-08,Strings - 2022-07-24","Strap locks,Calton",,10,https://gearcheck.nicholewagner.com/item/10,recGSJxfhojRpIKJJ,,3/25/2023 3:33pm,E200001D700D001819000309,,
Telecaster - Partscaster,,,Current,Instrument,Electric Guitar,None,Telecaster,2018,N/A,,2018-07-01,Reverb,$1000.00,$400.00,Setup - 2022-09-25,,,21,https://gearcheck.nicholewagner.com/item/21,recSCVC2IFNUcoyFU,,10/15/2022 9:01pm,E2801160600002136008094C,,
Epiphone Casino,"lee7cx4auawmzurwkv93.webp (https://v5.airtableusercontent.com/v3/u/25/25/1706493600000/tzmhNd_xCaB55S6XMaGFCA/VBwKjRpW8d0sUOgDOVB4LtT-xwQYqT_Z-zg3SKE7R88uPSlAEZ6yy-ceMc0HY9CjI3z7sQE3z2mi98BBZPHk9pMhW41rpQZD3ASn6qDvRBWJG4Ro3b34ZwrCtiPfcrLTtolK1NEbnhlO6dIb7of6Qd5quECLgNH38WgTFuyE-1E/yq7g1wf5-tAogn_z2Iu0tIyFdEUdwHwV4RUAQ1-fYFk),terpluwcghfevhdcjslo.webp (https://v5.airtableusercontent.com/v3/u/25/25/1706493600000/Q-BieCddwsNg0RV6MPfTww/rrAiZwiOvKtI8u9vfoccTvsrzllVFZY1_lvFPq63MXNYifkY2DaJyg87cUL1Kw9oWH9YXAmFosISUpNAQNR3kCQbfMwih5qoU0NPKiBqPXdVPtnrHQJYHJgs7PCa1FRsNHLbKlBAU3A6kpAEeEOZUY8XX19nOE_de39XVwdjIDs/VpKGN8OzU3xYw-Bcr40pUibvMoZzFdNDaUweObunLb0),gnqjqhpqjvstijfxoqb9.webp (https://v5.airtableusercontent.com/v3/u/25/25/1706493600000/F8wLUKp1ly1_rNPh9-URZw/VKEorHf77mNa-o3Hn5LNqtObYoFpN4au1wezIdqYBoFLMPjvOmz0kj_hKDI82epRBsp8XgMBtFLQMs0MnAZMoC1Mod1ZSUwVrgWYp3nfXmaCg0YdXCyT-RLV2icQYi1udlUj-Mqx1xBdt8kyxlqzcJfeE2rcuducfY8d3n65CdE/Rsh9PIvYo5nMY6JPdrgkXRwjKmt_sfdMh9xI_KQQHu4),paflgznaelmnmtxbgezc.jpg (https://v5.airtableusercontent.com/v3/u/25/25/1706493600000/Yj47mkv0w3iklfBsoYKJRA/ElkxFnSGHA-TEfV5gu9B_aPQs6DfcI9AlzeCgyatG3xMTXWvAEv1Af-TOjQjZ9EaIEO7BXPyUd9BI8XKMOnY0Yd-P9ZpoVZNzkT1wSDzchYJmk83sL-z_qbW-EnSmDwAS6Yo-O8OYilIoAws_lqHYndN4WT2B1S9W2lvnmEvngs/iAF4m8ziG-lN3x-xk35GJ6eCycgs2tu0gR4wN0OTe5Q),e19k1vewt1rat876firn.jpg (https://v5.airtableusercontent.com/v3/u/25/25/1706493600000/-FatPZ-HtER0-gg8o5Y86w/p7T4X2VC7duOVm7CyDsWrqm3BPNSdMenKHknPtMaP7C2AtSMfiIcalkU-friw8eJfMIoUO6YD0xFZ-Pq6fP2z8BWrC4nxC7G1HfWb7NJnPTYOVcZW-JfUIh1qVLU8uguKQZgwo1Cgkrn1XApw7UwSXTUE3OrStv4lxPNExIZsSU/ZXRS7EkTDNWqIhzEoT2uYQ8-f_iQSWD5V99upNtrJKA),vxcyjqdsnpfthghlrazy.jpg (https://v5.airtableusercontent.com/v3/u/25/25/1706493600000/nA7L1pX2MrYRkIG-tua74g/s5PTwh-HI6Qmq2Ras74D1yImP1nG_rgDwBqiloLx1Ifp6Od3AcQeo8JOsW_lkfyLjkXa-SuthFPQToS_6HO6QiE9JbsflqKGgjpgAg9XgXHhJOlGPVeHTSWoCyi_KhrZPTF2aGhSC-hK3hC0m_t3fORdg5oao8Xqub3wJ32K34U/2lJ9WJr5p7vKoYmdCfo8e7w8sQTeFxuNdi0wnLDRTUA),o6hzodys9gzzeqyr4hnz.jpg (https://v5.airtableusercontent.com/v3/u/25/25/1706493600000/oRzXYd8qzmq2Xr44RZOxnQ/FZnF_KvmyVJKn1P9s0zlIgyFXm4NUQ-d5XAhq_LMK0hK-RWDdKNX0oSLbAgO7clA61l_uQjHRN6rQWs8TbQj8A8MPOaGifWGnZx_Jejxn5jmpVOeZfQ2G0FBKC7SxDhq6Idi1Ek5il3VmkHLbb6AZfnxsHGD7DYPr3lYYYD2t2M/gfqdr_nQTMh6tiVaFgxnVuPVU5GVR0cphBgYhFcRQn4),jv95dlv8j64noazogoqh.jpg (https://v5.airtableusercontent.com/v3/u/25/25/1706493600000/j1rDtvryt7wZnX26heJqcw/zQppqeM3GB-8k_scC4GEbtJP4nyJymoOpWcRcKDFG9Ft8549sQctGikDUGorXCHfu0DGlkmvyTNXKmNJKE960mLR7r3HbKn7_WBgTJA7MrMGlLoNwJ4ddCCvTYmQborjd_LNpV594F8XhbJedOeUOt79KORmu-jIH3R92Q1S1EE/eYRkh-0cvMmmFphaW9ncU_D_QzrtjPMKT4YL8tvIZhc)",2022-03-31 22.11.54.jpg (https://v5.airtableusercontent.com/v3/u/25/25/1706493600000/HPOpJSzSRv7XN1fCffjw1g/UiY1DTOvK5-rTvZt_co9EuDJjuh2H_hl4urpIVzG8Vr4LIuFRAfaKhivabl-sHy-hlSs-1eMq7mvHyY-QPITB13R1QijuvXwIrd8KPj0QRKZ73dinpEvJ7Q3UpoibUO-P5Jb9qUxc9dkCXZYpw6fba0fc62rUneynpDqGztwuZc/TbzKaYLA0td9tIt1Rjvfki-7XbmBnsfVmfN0OPGisUA),Current,Instrument,Electric Guitar,Epiphone,Casino SF,1996,R96B1344,,2019-06-22,Reverb,$1500.00,$800.00,Strings - 2019-07-10,,,31,https://gearcheck.nicholewagner.com/item/31,reczE1HUxEbnpPMeH,,,E200001D700D002318900613,,
Music Master Fender,"2021-08-09 09.30.06.jpg (https://v5.airtableusercontent.com/v3/u/25/25/1706493600000/UHbecRaouuFOUG2vT44oQw/QYkKAqqunf2YcSlYuPhSOReXOSBawCWXNoe9AXAU9UyGOONTXVMsYC2eqK9jjHc726zZctbeEX4AL5hC4X0XOags6WNswi3xcOtgPOXgOcJ27gVzZ8NzhQgQCKjHzjtOXfu92d1OCgwcsTFvWRJhIqk9_KKZWA_VQa5Xn1Tp4GA/m8vNYDgc3Dw31oDyjDoYbm77yi-SyyMmskmO0rAnk-0),2021-08-09 09.30.03.jpg (https://v5.airtableusercontent.com/v3/u/25/25/1706493600000/m8_uNFy8gG6dDtX6Sta3nQ/tflqLnf9TypHgloQDJZAQhVQ58e1XeVaLz-Tni-OTRI3aLvB03Y0y8xbSPHnpUNKmQdBLV_bV6rMLBNsWPDEJt48xiU2llajbl5SQH0I2YYfA3fVGlCqneOJ8Tm0pkuisfjnZDQ9mvVFCRZuFqBci19NIn5WF_y2SwPdLFqidew/QJl51B6iQVe5634b6tDG4MplNUaQWs1lQvJofRAr4xY),2021-08-09 09.30.05.jpg (https://v5.airtableusercontent.com/v3/u/25/25/1706493600000/90h8uu_Vk36XiMxUHuNb0A/iuS-U-4c9AIzlgcsSZu0oheWVblyQhIIjkjF40cGMdE8ePzAiEtP-SgDsfvOdKAxjzcTU2ksc0XPTNvcWZSlXIVXoJfW6CaQcgrQxiwfM76f8D5aGMB7ObD-yVcgJPTeBuSgaWEi8lrT9dV0Eah7aRKMx6MdfgIArrZF-s9C6pY/1xCHB796p_2RQCxg52YSwYXeTiZXZjHsIXPcpcBFfZc)",2021-08-09 09.30.07.jpg (https://v5.airtableusercontent.com/v3/u/25/25/1706493600000/_EHuMr7q05C7iUllug9tKQ/0tnlg5o4Mq5dBJE6doIhQJm09EGsxAP7I7CbOiUG6kPxSHCEz5pBR9SzPnUslQfxyLToXPpX14LQa2odm_-0C8nbE7GhB1Sd5FzKmp8YQVIlDayAI1xBSK8LXjRwedjcbn_X-QRpjiT4FZagF8R9JjpUTEF41ZOASXwKmm5IQmg/RdEYLhInecQHTz_I834gsQYvVnv3UkWaPez_EPAeXNI),Current,Instrument,Electric Guitar,Fender,Music Master,1974,621544,,2021-07-28,Reverb,$3000.00,$1515.50,Strings - 2023-08-13,Strap locks,Custom galaxy finish by Bell & Hern,46,https://gearcheck.nicholewagner.com/item/46,rec4V1HEF1xLplyJg,,10/7/2022 3:45pm,E2801160600002136007CD3C,,
Rocket Harmony,"2022-09-02 13.36.36.jpg (https://v5.airtableusercontent.com/v3/u/25/25/1706493600000/yTUuYZeewFE0NhLsT-cAWw/OIMQtv9jZ15ytmA-wtlDJdvGZ6SdyDAsFgnv4VZqUA-7QOWIEu-IYzBk7fwI8dB6sLIfznA3FuxA5DSTDYm_twIWjrzrISMWvNOdajRej7_wzuhpm4KXD55oU7sUSvbbsT-0LeOLNYQ2-6JOQr-wngdoEvYzx1xnAtf3X1t4P04/Tjq0MGoNtXSuPADO_YKk2JTQBxoQQEhLysbh4gP9Cco),2022-09-02 13.36.27.jpg (https://v5.airtableusercontent.com/v3/u/25/25/1706493600000/a-LwTSgXr6Ccn5mfPlpYEg/9KeaLAYtvPZLJa6qYAHLZXzipUMewBXGoowFGfQjTHwqtHTSj29HDK-vWeqp0_YzNq3qgZ7HD7yF5WkxCv9iiFXnzH6-o5FksYgfnongMZ0oAqebRMgwTMIeHRrJgiWDDQEc06QNRLXTcTuTWFgUN_BnpRI-QmukQTmyHulGAJg/7eachVJnlGQvrP1GxXfwviWA0OolgPw_wsD0M3nJhj4)",,Current,Instrument,Electric Guitar,Harmony,Rocket,1968,,,2022-09-01,Craigslist,$600.00,$375.00,,,,113,https://gearcheck.nicholewagner.com/item/113,recLAkYCItOgJtheK,,11/4/2022 12:06pm,E280116060000213600799BC,House,
Stage Fan (Small),"2022-08-02 16.00.21.jpg (https://v5.airtableusercontent.com/v3/u/25/25/1706493600000/xBnb435VqJXA21PdLUW5VA/daYEDjkkhNMJAIZ8Rc2f37mTUV01L4DcpZ76L40HhYqfUpX8hXRuKsemhW1YgUg1ULHR4JNZIUrRdMR4GUrelbQWbty0hNWoLB4ePqIQasqX0cNfS-Qu_svAYSAMiS1Kr-0NZK4wpPujn1OEMYEecSHyBSwoawscIIq-KElW8kk/TrLqbDLYB2fUli7mR8YTSOun4HZJ0LAhXbAc4KcjPgU),2022-08-02 16.00.21.jpg (https://v5.airtableusercontent.com/v3/u/25/25/1706493600000/XTO2KvVMVKLbrMObAlZeeg/zJhXdOQDwWD-DC973WZ74kIcT21enGAoAlYE6XZCEbDAO6UKIhs07aUEAuFKhhBpZnailWCzI1bec-VeG5J_9rYP378U8YemO-TsvJiCRfscFDECSoe1QlM9Y9dtGsYhDRQXe4tL9vQwnJ4jYy3nodOd9gCnFiOjHN2YYLcZw3s/zOXw-pZwkv492d20ZTevqwREVpk7CPWmTjj_EMarYIA)",,Current,Other,Fan,Lasko ,U12104,2019,,,2019-08-02,,$70.00,$60.00,,,,96,https://gearcheck.nicholewagner.com/item/96,rechZBJ1eQ1EFsUAD,,10/15/2022 9:01pm,E2000020270F01410150726E,,
Stage Fan (Large),"2022-08-02 15.58.52.jpg (https://v5.airtableusercontent.com/v3/u/25/25/1706493600000/eBCxqOG_k6hd7M7vaRLLvw/jLMBPXxcZkZjCSpJUJTjKzzvDBS-CePpvYHMx0PmG4fVIkLsUKW4zlT_SCLI6kwrmFHid2By4gSWSyOgI6QnfOKrh384oqEYILbI_ylHAvNCxZh54P0YGlZhchBjjZunOkIfNEWNCiaYOan3sP0w3je08Av4RZv6MZcsmq8nrKw/sENQE2KgEyrBsniYBJuBOsmU7mKeNLx4kp9hINrsItk),2022-08-02 15.58.53.jpg (https://v5.airtableusercontent.com/v3/u/25/25/1706493600000/LWEiKun0kH1T_RfmI1xxug/FJ4SBTIjFsBed1NL0LyUzHho85KIrH9s32_L2a8heA1MVZwJOWow62v3GZb40ch08lBr0HweidsK9SiWWrpDOTXN5rkNyhmVOftyu0v7YB7uMSZ4SQLBjTLGPLv6pPA8JsQ8MolSkQLs6KTvgsRf7U3HkEzCxlBPzYY22vT1NRs/7juJngHKJLnWhSxn8zIxyH6ammvkBtC1lpduSDPmzic)",,Current,Other,Fan,Lasko,U15610,2021,,,2021-07-02,,$120.00,$100.00,,,,95,https://gearcheck.nicholewagner.com/item/95,recyUA1HxR0kBQMKl,,11/2/2022 4:42pm,E200001D700D02621780E76F,,
XLR Cable - 25ft LYX Purple,,,Current,Cable,XLR,LYX,XLR 25ft,,,,,,$25.99,$25.99,,,,82,https://gearcheck.nicholewagner.com/item/82,recFRpcx0ftYLkjDp,,8/5/2022 5:25pm,E200001D700D02721790ECC0,,
XLR Cable - 50ft Black,,,Current,Cable,XLR,GearLux,XLR 50ft,,,,,,,,,,,109,https://gearcheck.nicholewagner.com/item/109,reczWTTFFOFsXoyJR,,,,,
XLR Cable - 50ft Black,,,Current,Cable,XLR,GearLux,XLR 50ft,,,,,,,,,,,110,https://gearcheck.nicholewagner.com/item/110,recyBvhRZVvsRBCTL,,,,,
XLR Cable - 100ft Pink LYX,91HrBien-KL._AC_SL1500_.jpg (https://v5.airtableusercontent.com/v3/u/25/25/1706493600000/tlLnW0RERMsU9HhCsmCe5w/2Mm8cAJtTJdQ_iUSdYZSnlGerToww23kSIl92oAASIM2bQQqsVfEmFJFdBkEo0wrd874wTvm7-_4pJAya-I4nB49lu376sN_bNIbO4cqe9mSgqSTo7CydrY7jGy2I9NARRgWBnwdYOM16WykC6r1w4YocKyo210itzxuKHsMq2o/RGK42gnaMZw7qG-DxLn7zKbyPHqHC26p8GZXReXVrIw),Screen Shot 2022-04-01 at 8_23_14 AM.png (https://v5.airtableusercontent.com/v3/u/25/25/1706493600000/OAld0OC1EPvUdTS-vj3Hrg/UUzHN61YFIJFgknZfy660MCj-Zr6Kc0bwpTINWqzY3C3_qAtqtDOLbF1svj1_TxSFw6aAtLdHxSwRbwR61CT_MsEa-VEVg8RxZErpeN9WwjFCXXYCD6fN6DRKAofoHYw--TM-i25COQqSRHvET6WPn0cXuGRJAJXzCL1k8AOu9c/FbOl1jovqT92F4URhyEF5KBst3tPLmxxr0eiSyvdabY),Current,Cable,XLR,LYX,XLR 100ft,2015,,,2015-09-28,Amazon,$47.99,$39.95,,,,63,https://gearcheck.nicholewagner.com/item/63,reczhffghJfOCbYjo,,,,,
XLR Cable - 25ft Pink LYX,91HrBien-KL._AC_SL1500_.jpg (https://v5.airtableusercontent.com/v3/u/25/25/1706493600000/tlLnW0RERMsU9HhCsmCe5w/2Mm8cAJtTJdQ_iUSdYZSnlGerToww23kSIl92oAASIM2bQQqsVfEmFJFdBkEo0wrd874wTvm7-_4pJAya-I4nB49lu376sN_bNIbO4cqe9mSgqSTo7CydrY7jGy2I9NARRgWBnwdYOM16WykC6r1w4YocKyo210itzxuKHsMq2o/RGK42gnaMZw7qG-DxLn7zKbyPHqHC26p8GZXReXVrIw),Screen Shot 2022-04-01 at 8_23_14 AM.png (https://v5.airtableusercontent.com/v3/u/25/25/1706493600000/OAld0OC1EPvUdTS-vj3Hrg/UUzHN61YFIJFgknZfy660MCj-Zr6Kc0bwpTINWqzY3C3_qAtqtDOLbF1svj1_TxSFw6aAtLdHxSwRbwR61CT_MsEa-VEVg8RxZErpeN9WwjFCXXYCD6fN6DRKAofoHYw--TM-i25COQqSRHvET6WPn0cXuGRJAJXzCL1k8AOu9c/FbOl1jovqT92F4URhyEF5KBst3tPLmxxr0eiSyvdabY),Current,Cable,XLR,LYX,XLR 25ft,2015,,,2015-09-28,Amazon,$17.99,$12.95,,,,81,https://gearcheck.nicholewagner.com/item/81,recdAlK9rACJoXC8z,,,,,
XLR Cable - 25ft Black LYX,,Amazon_com - Order 114-6552460-8230627.pdf (https://v5.airtableusercontent.com/v3/u/25/25/1706493600000/SYCYAUSYKe0hn5Dql6OozA/D8YYZcbM8zjVyewidZvepef9WuTrNkS1uLGdlYe5xisO_d7sN-uZMY-davEDBIWb32NxpGsQlFB0cFcY8hldgSlrDJnLG6LGE4T4QOhfwKq3C28ggoGBEH3jcc855VIWbRP4W_t8mEe486FVWl7wn8QA4OUNsgtNpbx3IMr8KZwRB3cZgBJ32mbXrAtdOv_O/5PILh03rvmF8JmdUDOJS1xDMDZt0sHf82wdqLZFEWV4),Current,Cable,XLR,LYX,XLR 25ft,,,,2016-02-15,Amazon,$24.00,$17.00,,,,61,https://gearcheck.nicholewagner.com/item/61,recR2yVe0EGdwzQUF,,,2018081410257A031A200114 ,,
XLR Cable - 25ft Black LYX,,Amazon_com - Order 114-6552460-8230627.pdf (https://v5.airtableusercontent.com/v3/u/25/25/1706493600000/SYCYAUSYKe0hn5Dql6OozA/D8YYZcbM8zjVyewidZvepef9WuTrNkS1uLGdlYe5xisO_d7sN-uZMY-davEDBIWb32NxpGsQlFB0cFcY8hldgSlrDJnLG6LGE4T4QOhfwKq3C28ggoGBEH3jcc855VIWbRP4W_t8mEe486FVWl7wn8QA4OUNsgtNpbx3IMr8KZwRB3cZgBJ32mbXrAtdOv_O/5PILh03rvmF8JmdUDOJS1xDMDZt0sHf82wdqLZFEWV4),Current,Cable,XLR,LYX,XLR 25ft,,,,2016-02-15,Amazon,$24.00,$17.00,,,,98,https://gearcheck.nicholewagner.com/item/98,recVPtv0sj9qEcLXs,,,,,
XLR Cable - 25ft Gearlux,,Screen Shot 2022-04-01 at 8_22_30 AM.png (https://v5.airtableusercontent.com/v3/u/25/25/1706493600000/KV5zsG2rcG5xWi3YrCUo3g/8PDJlT4EKb3-ef5k4U41AZN5s9wv45TrEHDoKZxzeed_VSE4yVsgwewAJX1KfWI1KeyCBQj4XA6ro8O5cf5B2OZQvs1wTxUTDV6yjkaQvbRoUdap6wP-Y0IG9BGW71VGkx_UX0ZSBxYuHwDntZDKr89GcIAnDt0s--6sawVgibo/QyZG2wEU1lPKFA60iM5I4IJNl31r2YntSaz1-I-JrH0),Current,Cable,XLR,Gearlux,XLR 25ft,2021,,,2021-06-14,Amazon,$30.00,$25.99,,,,62,https://gearcheck.nicholewagner.com/item/62,rec2UijhysNLh53zk,,,,,
Sennheiser e609,2022-03-31 21.56.01.jpg (https://v5.airtableusercontent.com/v3/u/25/25/1706493600000/zTgmDxjfePEUcwtrGPu9_w/DYRH0qXQeaz4Av4GIkpUfbSOyIiC8cy2QLuG5CnNv4GKandW4DuwWZI89kXXD0fdI0-chFivHg3NKrpBhhDvIyGervXvcRkD8QLXhD8ZGEBWuFeoagQfbyci4boExCBuv0QI2HEi3ECxfR_sq-R5aGyj1I1lbgwPC27cfQnTaq8/eFDWnPqykMGNjvYkAQCNf_DSgY-72eHigseI4WAyvoc),2022-03-31 22.22.51.jpg (https://v5.airtableusercontent.com/v3/u/25/25/1706493600000/pvEyyQiq6IEcDUUXtsfoKQ/CW1YTMVGIlN9yowEa0CEz33uz0-8MisTaZx8-a3MRpk5Z_OGME3wPSUlsowL25i6KMtNSIino9-8eUpZmPP6wBRbuh6vyLoJS0stKVZZW_8gCijlF8lZId4WYDLZ14GPd24Lgwod-De0MwhogkSwLxKEGzj6IOLkKdhZpvwEgvg/AK2xw9S4DyzJ8qnRtzuet8n2ar4qpEDRwyKh8xF4938),Current,Microphone,Instrument,Sennheiser,e609,,,,2022-03-25,Reverb,$100.00,$100.00,,,,54,https://gearcheck.nicholewagner.com/item/54,rechDs6JWpl4sqpZb,,11/2/2022 4:42pm,2021062512249A011030041C,,
Shure 57,2022-03-31 21.57.05.jpg (https://v5.airtableusercontent.com/v3/u/25/25/1706493600000/YelRNSL4dDuUACGXogsPIA/1EeExyEHh89Fe9SU2FVGfyKePqGxQ3lwaUmKMv1kC7hHnW0diW6G5n7MC-Zdz2_d78e2Cf6qgypTbVDdSpLD8ku0p1tQ2AkXMkfQqxihufD1-25v-mYRiPBqh1rpBBsbj8Djupvls2Vc1ILJj1IFKq5QKQMnaeNMt7ouJdFJ2s4/pIuQ1ydJizItTXEmjv0X_t9cN7AdBd0WMmQ4snnv6hY),2022-03-31 22.24.04.jpg (https://v5.airtableusercontent.com/v3/u/25/25/1706493600000/wEnEQ3mAfCJCkr6w4A43kw/rzrieAIrsMlSo5Nzz9SPsjcD3dxs9AmBAJR-D5PUwU4gmgK-M7eTSjmemWeaFcFpzUZj4hn9lmV-c-gcoK6tq9VmnkJts1t4a2xQaklqdU1WHSc2AS9uxvh7Q_AxpzXK7D8XCzPJZVMQ0DGCVZqahjR4duBlCjnmO457hGTBQKc/KHmFVEpQ49M9Qhoc-lPiRZzNTiauZHysUkaM8M-rlJw),Current,Microphone,Instrument,Shure,SM57,,,,2022-03-26,Mercari,$100.00,$69.00,,,,5,https://gearcheck.nicholewagner.com/item/5,recdkHeO3OnOtz2Hp,,,,,
Shure 58A,2022-03-31 21.54.58.jpg (https://v5.airtableusercontent.com/v3/u/25/25/1706493600000/QEKFJVjDlnf9G541F-4wUA/qOkcsddfhmYQJW12IknNI9ehZn2Rd9rMr-Bo-VpiNES3OWBAy6GIPomaKwE-iQ6rRucKbIE3aolCQIgBMmEJUIhDtuUSjqP57dY6BzbISrSSTem_9egvshmYI1EOqrcefSB9SvOgZqzHN2iujJdjmKxabKtb_HjP_wuKvaSFzHA/DIvhOhM1Eo90ZtPn4caut8-vK_T8R7IVCsRhTunFza0),,Current,Microphone,Vocal,Shure,SM 58A,,,,2015-02-01,Amazon,$100.00,$100.00,,,,7,https://gearcheck.nicholewagner.com/item/7,recTX8A8jL2GbFlO3,,,,,
Shure Beta 87A,2022-03-31 21.55.41.jpg (https://v5.airtableusercontent.com/v3/u/25/25/1706493600000/LgP8en08TrqirqJ_jbhlRA/DgiqRUZqfXPB8sCt4QppWpNebYRDqZV7rpwKNP_70GX0ktmGi6jLwRgBG509fAQAO9y0jwpQ_cfGN1xEZKfHfQmxDT9CE8iCz94I96gvelxcfOzWVGrJN4OTbM4lHRMuNXhbh_QwXiSjCHkhF3vh9EyimKMokLA__fpJtZBf3l4/BsgzHWFfczbbo4UF1bqXoOQJqFspccghaHyskzq6wlw),beta87.pdf (https://v5.airtableusercontent.com/v3/u/25/25/1706493600000/g_4MEiiV__u16OuQs2bzFg/07O9lxwB2AKBmS_JkB7yQSor8BcrIq7xwBm5WT8v3ltoUcEh58j51s_jI1M6aZLTCUg8epmJyDWrd_C4Sd1YGyJuAyg-vMl-5eYqD-7TW8hbRXyay-WGxwsqh5xlUKXxBw6G4-_vsAPxcZbpOe8KLQ/Tms3hH2HqMSlQyA3HOIHa-5JThogMW3MnGuZCHJQbms),Current,Microphone,Vocal,Shure,Beta 87A,,,,2016-01-01,Musician's Friend,$329.00,$154.38,,,,12,https://gearcheck.nicholewagner.com/item/12,recRGvsN3NYwyETxC,,12/1/2023 4:29pm,2022062512247A031020021A,,
1Spot Truetone (On Electric),,Amazon_com - Order 111-6692935-9569022.pdf (https://v5.airtableusercontent.com/v3/u/25/25/1706493600000/ayR7Vh9gT0wx0EdUbS_wEw/-ENcsMK1QbqPAJiFgwKPwvQTHEDttwmJMlluZYQ_sQWTQKat98Ulrt9gbufdanh8pFlAYD_TBjBRXdzS61iSsFWnR6WCMyIFxAvkBKkHXofiKoVwL38RZb9sFFIDs4hc9ZdEiH7M2AtO850mcDgt-3oKZaC5n_LX8dXq3i24sVrOIs94dXUqQCP6xMGeCsjj/bskvYONldOlRIpXBIVYfOU83CaLkSJfm1OFdqK15bVk),Current,Other,Power Supply,TrueTone,1 Spot,,,,,Amazon,$25.00,$25.00,,,,89,https://gearcheck.nicholewagner.com/item/89,recz4Xidaoe6ubNWY,,,,,
1Spot Truetone (On Acoustic Board),,Amazon_com - Order 111-6692935-9569022.pdf (https://v5.airtableusercontent.com/v3/u/25/25/1706493600000/ayR7Vh9gT0wx0EdUbS_wEw/-ENcsMK1QbqPAJiFgwKPwvQTHEDttwmJMlluZYQ_sQWTQKat98Ulrt9gbufdanh8pFlAYD_TBjBRXdzS61iSsFWnR6WCMyIFxAvkBKkHXofiKoVwL38RZb9sFFIDs4hc9ZdEiH7M2AtO850mcDgt-3oKZaC5n_LX8dXq3i24sVrOIs94dXUqQCP6xMGeCsjj/bskvYONldOlRIpXBIVYfOU83CaLkSJfm1OFdqK15bVk),Current,Other,Power Supply,TrueTone,1 Spot,,,,2016-06-02,Amazon,$25.00,$25.00,,,,88,https://gearcheck.nicholewagner.com/item/88,recxAH5SzZfvozfkP,,,,,
1 Spot Daisy Chain Cable,,Amazon_com - Order 114-7933770-1940258.pdf (https://v5.airtableusercontent.com/v3/u/25/25/1706493600000/Qv0irhLNs0AV-E4GiQwvMA/XiIw1YU_rmzlHR9-7TJlwskeagqKXkR0bARlEAM-64Dmk2065hiXz0PBFcl-yBkjVKOJQr_o-3hWfh4JjQRbNoXXp2-_DGEhSDdLXCQNpWsvsy4XEKXBAXutlRYKGE6tPQ2U0N1V2l7CBQDPR61FqSUmO-63x-GRlE8yOATa3j4bAs5LADD2NJswOIwlDo_-/htafXtT8_dBfvs0uO4GL8Cg-E9qXpq5uSI47USRgSdk),Current,Other,Power Supply,Truetone,One Spot Multi Plug 8 Cable,,,,2021-07-31,Amazon,$15.00,$15.00,,,,90,https://gearcheck.nicholewagner.com/item/90,recbWf0Lg0sW6tDzD,,,,,
1Spot Truetone,,Amazon_com - Order 111-6692935-9569022.pdf (https://v5.airtableusercontent.com/v3/u/25/25/1706493600000/ayR7Vh9gT0wx0EdUbS_wEw/-ENcsMK1QbqPAJiFgwKPwvQTHEDttwmJMlluZYQ_sQWTQKat98Ulrt9gbufdanh8pFlAYD_TBjBRXdzS61iSsFWnR6WCMyIFxAvkBKkHXofiKoVwL38RZb9sFFIDs4hc9ZdEiH7M2AtO850mcDgt-3oKZaC5n_LX8dXq3i24sVrOIs94dXUqQCP6xMGeCsjj/bskvYONldOlRIpXBIVYfOU83CaLkSJfm1OFdqK15bVk),Current,Other,Power Supply,TrueTone,1 Spot,,,,2022-07-01,Amazon,$25.00,$25.00,,,,87,https://gearcheck.nicholewagner.com/item/87,rec089jrUzfnESkK8,,,,,
JBL Eon 610 10in Powered Speaker,"2022-08-20 11.57.43.jpg (https://v5.airtableusercontent.com/v3/u/25/25/1706493600000/Qq6m7y2h9dypAgOqpXqhCg/sBPL6pcy7Yoq9Syw-gKzFNE-R2tJ2DUhDDrHXhsv0RjFe-N-VbcsLpJ54RRFDF5SXHKcR8ZP4zGzchUBbf4T03tcSuh3xCYq3akdjzesJANLYSozrbgN01TdSCOy_8SCJDPlX6Yo3dOQq--LqALXGXzR99kqD1x5p6VMlqwc2oo/Sj6CxGchtnFVmpDhlUwuUbXHSNCE4VXCqeOc03CVvzc),2022-08-20 11.57.43.jpg (https://v5.airtableusercontent.com/v3/u/25/25/1706493600000/5gkC8gtQmf3obDoOD1dWaQ/2XDDoH9FRAp9P_i8M_Y4DfeWBvPfsM_GLBhMLKMfOvCNTpuU4LFimDYIx3So7SOUXkfyCOWa3Hni-yiWhoTqr3pHV9rMDWCcBiRvAAvO9LQI0U7XTA8fb9YZPXpyXJLWyqbV7D3xIJEilHVNdqy34yyNa5UMELHjsnKcgMZqAGY/TEobqG-H0xuZB4JbihKRXJDqkAHjYb3VGH_JIiyUy54)",2022-03-31 22.11.31.jpg (https://v5.airtableusercontent.com/v3/u/25/25/1706493600000/cA5TvNj7tkUFsnYcF2xJNw/cJ_yHOdsvQS5PJJYTCSdVSybkbCqv4dgtyKnEZ9_LOA9_78fUHEzCWIzuXDiRDYHyOvzN7j3cXniu1P-0dut4JjtHyzD55OOub3JgIaofisGCFkuN6oi9PQ6JhJ8zoXhbliij_UWB1PcBjlKCIzCkrLJNrBpG6M6KdoOVV4uGT8/JJNPmlWvER0ssI5ce_R0pi3R1wxAJ1jZBl06guSPHE0),Current,Live Sound,Speaker,JBL,"EON610 10""",2019,P1389-302390,,2019-05-23,Reverb,$400.00,$214.00,,,,30,https://gearcheck.nicholewagner.com/item/30,recMiUU98X3ELu2gz,,3/17/2023 5:27pm,E200001D700D02611780EADA,,
JBL Eon 710 10in Powered Speaker,"2022-08-01 12.23.37.jpg (https://v5.airtableusercontent.com/v3/u/25/25/1706493600000/BiRXKD4zTaqBSRoZE-bHHw/2HKyr7_0RpysJjXm1oBUgxyr0i5OitX-K6Ai4nmd2UdniLXKNEd0_n91ixDZcKUBwOAn6SevvCf8h2Ku_OddFvooujirYvXtuf6MoxlVkir7dYeSjd8oMd-SqPOd_sBbC9SxBhbFWOSJ4FXIKA4ODhSPdizFvdF4bh6d36Kf5xY/6FoBrQvwWenGDDII4c6QnUlGkx8lcqj2mrFsOTJll6U),2022-08-01 12.23.40.jpg (https://v5.airtableusercontent.com/v3/u/25/25/1706493600000/XEzpxJTpZR_efeVTT4aYTw/I4TNjsmOYxOSkYIo_wjZpKOU2SYYqyynSiQrG3nlnpXS-XlTqalITtPSTbvL9pWDRbmWxr3nuLM_EaUmwEzNt-44HO2VV4FSICpTVBhCMab1APMBUOoCLw_3kpZQs_T_IfUnOpTVhhKVQ7cn32TwXMOZ83irV4Gzn43CMdiggb8/lb4sm9MgWCj0PgDtBb7vJPKSXNlyTQg8tC773U3IQ_0)",Gmail - ProAudioStar_ New Order - 300100684.pdf (https://v5.airtableusercontent.com/v3/u/25/25/1706493600000/CgqzQnmgpGrY_MzaDHhG1g/6P3P6LaIvPlZp4Ax_p5FA8tXbFuNnuZJpIf6AKcWbCeHAi8vnsMt2bQf0cI5Kq_c95sHQ43UefkA8RVapUEMCiahIksTdVdb55p0L9WwGv9PluNSe9zKLPe9Jx6J36v5u1mK9a9T3VCuGqUXBOv4oMw7OtKYvrnaNWm29Tc-iCUiQ-hCuLf2-4kjVTBEZwIC/jBkTFFfHi8gAtHl-7KnjXnh4CpjYBO9geepKvXRi46k),Current,Live Sound,Speaker,JBL,"EON 710 10""",2021,P3297-0001942,,2022-07-26,ProAudioStar,$500.00,$388.00,,,,83,https://gearcheck.nicholewagner.com/item/83,recEP6kbfEB1RTkNo,,10/15/2022 9:01pm,E200001D700D02881790F538,Shed,
JBL Eon 710 10in Powered Speaker,"2022-08-01 12.23.54.jpg (https://v5.airtableusercontent.com/v3/u/25/25/1706493600000/AEPrnnxjQ3gmD3HYdcxiMw/Bl3LyAc0dWep_tI3ZnZGL7yUI5eBGgpDWReBLXLBEFo79Rt7mJYP7nCgVH1fJObglqrmzyjCANI2KqDq4zICefdR-7XYTYZf0OAH0JXYYGFzoHEVx-xFHSbfVU4iXJo--5YtrVvtle5uxdI7L2ICLuouHk19ld7cnmsHFMf6ndU/OIYfDe2x4bISFSgv-tm4_3VqPdSyF7uPETqehOm65DU),2022-08-01 12.24.23.jpg (https://v5.airtableusercontent.com/v3/u/25/25/1706493600000/BjBL4UoonER76zJiUwN3BA/mLboPZieIIu9s22eDJH4nLH5FhUjJMyJSGST4yL_qaBaWnOlH8_FMtIrHP5ittGXiqeKodWdEo8pcZtyKXB50OO2BDocf9wlI8LuJIaiTS_4eC_dnKTFmv2FNUgg0oZ6Ps17Q3tUyW-Sb20rbDVRqu7JQphc6NUgjvPlmUJbTdQ/5DUFAFrIdD82HR9IyiilFodeEX2rT25z9a5CfqpvcEQ)",Gmail - ProAudioStar_ New Order - 300100684.pdf (https://v5.airtableusercontent.com/v3/u/25/25/1706493600000/CgqzQnmgpGrY_MzaDHhG1g/6P3P6LaIvPlZp4Ax_p5FA8tXbFuNnuZJpIf6AKcWbCeHAi8vnsMt2bQf0cI5Kq_c95sHQ43UefkA8RVapUEMCiahIksTdVdb55p0L9WwGv9PluNSe9zKLPe9Jx6J36v5u1mK9a9T3VCuGqUXBOv4oMw7OtKYvrnaNWm29Tc-iCUiQ-hCuLf2-4kjVTBEZwIC/jBkTFFfHi8gAtHl-7KnjXnh4CpjYBO9geepKvXRi46k),Current,Live Sound,Speaker,JBL,"EON 710 10""",2021,P3297-0001936,,2022-07-26,ProAudioStar,$500.00,$388.00,,,,84,https://gearcheck.nicholewagner.com/item/84,recLNnXE7TgzjTbWM,,10/15/2022 9:01pm,E2000020270F013722606CEC,Shed,
JBL Eon 610 10in Powered Speaker,"2022-08-20 11.50.41.jpg (https://v5.airtableusercontent.com/v3/u/25/25/1706493600000/tAKaTqqjqGdDBs4a5dx2qA/vBuylQDunyV_KGyLj-ohj4k5qCzsbrMn-7hox9VVOfMdcyuKNLGO498aRQRxwD9iubtFRZ30vL9RXD6pcFvkmj0cVtAsHZQTLRrvVwi-WKJbC3G3GxpykQ3esTbfsOWVDVnEhzV8LJGHpdJvHN3-vf_zQjIq5J8-BajZLgl6bMQ/qGigjItvEXyCv4X24LIEPOkymdl-TKCzfJpPQwVmFUg),2022-08-20 11.50.41.jpg (https://v5.airtableusercontent.com/v3/u/25/25/1706493600000/_jGcrjGZxq1KFYBDbUhbnA/YQBuSU_174xMus1q8W3mUhZ2n9ISFGBJPYo24it3z4m9tEYbkShNu1Dlt6kMVhWcLjf3-4YHls_5bOGyITTpbIqNMsb-XDxliIpCNjPfgLt-s-bmQQpJ8iAhUnypTXEhQ3U-d2nRvKvSeWf1ER-djwBbMlJ9PbmHBQ4QMyZkcU8/WX4vUKc0qu25F8Z5N6M-KLwpdQ3m0tZUPxPFt9c_RJ4)",2022-08-20 11.51.10.jpg (https://v5.airtableusercontent.com/v3/u/25/25/1706493600000/xWRy27f7Em2JX_FpfAxg5w/Ty5HGKDtAJM0ZQgbPhIzofBAcK6iyPl8_Kzz6DyO75Ceaqh9B6BfG7nBWNfdk3S952CfxQKkAT77YS4yjdknQ47dpsDLyyOOAeRe0IYrN9a0SECIVmkLy-jL8zZ1DBiSUxAl4N2vvw5oPtN9CFmV4Tf3-XlsXSd3V4PWLfps_s8/R8w1Tv3DLvn35L9nuvC4S8MQT8w-NPLdYcoobtkggCE),Current,Live Sound,Speaker,JBL,Eon 610 10”,2019,P1389-9813803,,2022-08-20,Mercari,$400.00,$335.00,,,,101,https://gearcheck.nicholewagner.com/item/101,recgKEdpVobs0ZF6C,,11/2/2022 4:42pm,E200001D700D02801780F180,,
Tree Strap,,,Current,Other,Strap,Michael Parham,,2019,,,,,$1000.00,$725.00,,,,72,https://gearcheck.nicholewagner.com/item/72,recbeGFh9nsfMcj5f,,,,,
Beaded Strap,,,Current,Other,Strap,Jodi Head,,,,,,Jodi Head,$300.00,$260.00,,,,74,https://gearcheck.nicholewagner.com/item/74,recglGVHbdu230nqy,,,,,
Blooming Cactus Sunset Strap,2022-03-31 22.16.30.jpg (https://v5.airtableusercontent.com/v3/u/25/25/1706493600000/aeh1YZn4I8Rskl5CC6Ub8g/pKJg5LVn8zue1SP_k8ecJQUHSDiluqqgF0VulS1xsTSVb4X7ZAMr0nmALefw2UjwtLgg1m4MjzHubOv2uo8seclvt7uFB5AVsrnrvhfqKYb22mIMWaXZgFLhVUR7oiNW_UnYGIDelfKsDSGrBDpfWgUUHt9UXFSkeG09v_fL1SE/_ulg32j8X0WWKvZ1Ik_hqFJB2zyqJosOwR4y7eOLx2Q),"2022-08-20 19.43.00.jpg (https://v5.airtableusercontent.com/v3/u/25/25/1706493600000/iLvuA9YwAxqhvtcbrTp3oQ/qTkwZDP25LQqNUW3c1d5TA0tML4wC2KnuDqHdz4QvRFKTjs939b4XwkytLQFTTFCCPWiahWTB1sUK7bAKEa7dz-F4amc30s7xpP7sp9PtJFLEc579xHQIX-rFX7KHURP-DtE98uti6D2oHNK-zvCHjrHVK7VjygYHxMr0nX1LAY/YubViBSjHMBfp4GfGDA-SYPvmxuh26Vk_5xeieMyiFw),2022-08-20 19.43.10.jpg (https://v5.airtableusercontent.com/v3/u/25/25/1706493600000/bkZ5J-C6kkWJK7UOIyjzrQ/cZQk3JllGbW5rkrmoDNg10F8y_CoUXd4oNR2kxHpErofrLdwvxcqZ_VtoBCX1IutJlwvzFv5VUPwYw9DMlkWZHu3y3qkwwzYk0YVWBwdqiS-KCGruocYhPGLuzn5lkkh6Ohx7UkxYLYVy07SXt-whieB8Mf9-PDoSe1qbfhHmR8/EQSl5oHJ8t90LhB_spSl4G656OWRo-o5O_OOvdmxdto)",Current,Other,Strap,Michael Parham ,,,,,,,$1000.00,$500.00,,,,75,https://gearcheck.nicholewagner.com/item/75,recWveGmh7q3xDLJS,,,2022011415705A01106001C1,,Rosie Country Western
River Strap,,,Current,Other,Strap,Michael Parham ,,2019,,,,,$1000.00,$500.00,,,,76,https://gearcheck.nicholewagner.com/item/76,recfZF0SPatjKUj0s,,,,,
Name Strap Cactus,2023-08-11 14.51.19.jpg (https://v5.airtableusercontent.com/v3/u/25/25/1706493600000/-LetiPc-WnjrVk13ffWnCg/vZw3yI1k4LVty5aMiogdKzr4QxvDxR64uShsUjr0-npwtH331C5E_aIue1J-nJptKYtFfqaUpryMzIIU5ZCtrMzzP60PXtDikcf9HmwQsvfO7Zexp3sU4n85znztMZ6GcUTslwgei7db3ygph8ABY3rnbke_wZi5Pc_tf2f6_R0/K8B7rUWwWAb6xWGYWpEvjwNj0VC5SGNlrarpdSwdkSA),,Current,Other,Strap,,,,,,,,$300.00,$250.00,,,,77,https://gearcheck.nicholewagner.com/item/77,recrXKH3NLpqMKKx6,,,,,Gillian J-50
Roses Tooled Strap,2022-09-03 22.06.00.jpg (https://v5.airtableusercontent.com/v3/u/25/25/1706493600000/VA9kRWPrMb-Ke27wJJmj4w/V7tKo8gQPOpimJoru235RkNZAKKJhoGNuwE38xG_75bqQlop0iUlAsJqyMOug6lfjPAqf9PNNh8lPVK4tjp33SL-NTm8NIWvvjrd5f-EooCPLGYDeAtlv4n1cJ-bHpla_HYDMS1mqVJePgfGA84EXOzgRraOmZph41Z4WBlV6KY/lz5q7r6zhJN2omp2X3CFy4pJ6vNWMaoUDRbqDQNVfnY),,Current,Other,Strap,,,,,,,,$700.00,$350.00,,,,78,https://gearcheck.nicholewagner.com/item/78,recti13MhAD7TtiAL,,,130720220328114900003564,,Bobbi B-25
Concho Black Strap,,,Current,Other,Strap,Jodi Head,Emmylou,2022,,,2020-01-01,,$250.00,$180.00,,,,85,https://gearcheck.nicholewagner.com/item/85,recs1WDztOGjIArkW,,,,,
Colorado Flowers Strap,"IMG_4227.heic (https://v5.airtableusercontent.com/v3/u/25/25/1706493600000/Cgi-ium6XZm2Re-7ZomRWw/Zk8LyN0JGyonZ2P_fe62TXMBEF-WXVbMv5CLdse6vhVMIdlGKbmvGq-xUJjo5NIxnKLOUQxZ7AZiHxqi8pv_8z69MXpbv20G17CvAIH8kKxtg0BwObp9wL71BVJ-gYFuLl4fdLz_4Ih3xCYN0vFVlQ/wOEPScyBMDpJ_2LtB28iBhcm-bXk2_3fnDDTWHITCWw),IMG_0282.heic (https://v5.airtableusercontent.com/v3/u/25/25/1706493600000/QlARpx23TpGbLXAofcD7dQ/xbXXeGJQTibysUzOjIHQuwmgtd9pSXObEnpscBKdkCOsASywGSn_gibQBs8cprLlmDKjsqMBSSRJDDoldBS7KKyvfn3mPsi73IfK-j7qbzQ7QNxP6u-6toZVU4Hee9EF6kO0GFu6tRYkRgi5WzYscw/IMv3l6_6gvDC3wHO6a82J8PibYT4zCRnxbtwJY7OXzA)","66171567282__59350E77-D097-4411-8383-5DFABB653D73.heic (https://v5.airtableusercontent.com/v3/u/25/25/1706493600000/LQowGZu4jUfB1UeWQjyoJg/TXxqV9HVKKYL1dB5TNAoG6UUlih7Ll90aJoVQYo-uw7ngFGd9ig9vn5RkSeyJCOoq8T4_nzIV1qPzTpnPDGHcjEScepnjGy2FtKWanpHe1K5d_LFq14o40JmFgssrdgIJfH7ykrifisQOTDY1U5a2mm697FrXkclnKzMX5UQX6ISa9w690lkbyvZR7KI6zfGXm91kGPCAK4PhFRqHtwrWA/zubOc6ZnEmBJAjlIEBwyFj_zONgdsUHqdH3r4_YbvZA),IMG_4112.MOV (https://v5.airtableusercontent.com/v3/u/25/25/1706493600000/TGKWB2gyy0YjGxciCdRe7g/j-UvxC1SzXTpcHXVpG2V6_i_I8FWR5yk-rx4OaZ0ZMhJm6HBbLvcasf89s1uVZl68cIV0zx4kOqQvUtmt4eceB_c9kkCBj99-v4Y4SPXYXUTRYwafNeFR70C12K5kg4_ko1gIMpOZyY__tLR-J4Uwg/Oqzn5Doo3gY6LqRDFzs5Q2jsWztUPf6g-MZ8fh1H1_Q),66242999013__693CD36C-B9EC-42A6-95F6-0243AF842694.heic (https://v5.airtableusercontent.com/v3/u/25/25/1706493600000/mB0OobkaOmuuYjPMX_K1qg/us5XuX4KvzCHQLBnRt7bmPccgf731byS9sC5MKkBPDbTmNakd8c0nTpboInziF7TZG-WeQ8ZNYtoxRVDj_7ohvs93FcbEYSIOyU0kEBJYyYy3qxAXmS7DuAucqTJEYSAG9_laL9NlnVcumvpbNIKxMOI6btp2uqNg3aQMgDj0nfrGoRxIp860wl_8Iyd1J5Ru5NkeA_r_rug6QxjxPAzyw/2FOzgZ09R1bl3xrTKDWvKEut9zdeoYP8oEEZPebelj0),IMG_4226.heic (https://v5.airtableusercontent.com/v3/u/25/25/1706493600000/-fbSYf6yorlfoZvE0FvxDQ/oOjaBQUrBsMwJPYMXZfc58oaXrGnrD2eZOVLizGp4KNntttPPPSwDHpV4CI_pBsf9a7M_y8dXAMVMHmMEaBjO7kq5bl29pmlc0Mg1bcNUO8TgXmw0bQxEICwZyeE9xcH_OgaoePIBumBQmC9cxOqqw/p_awraR8uLQ4ylEuQwv233AEVN2eIMD5KOIVPVjX3vE),Screen Shot 2022-04-01 at 8_02_43 AM.png (https://v5.airtableusercontent.com/v3/u/25/25/1706493600000/9IFNKPc7iyGvrwrxMoH96w/twaK53VvSFh14afNkYGOkF5Q9MIRhAVcg8jWBKbwHdoj89-XHYsai7087loBahuJrav9ljQLup7mGRz0ciN0hCCnps6VQpQg6Q_36ISLDRyyE79mGXYDae70RnQcvXAGlcqhHjLb-BtyVFwTzrr2B8gxLZ8346UHKYcjYUTSkKA/Sr8IIPtgpqxyByU4XVhtCdsEtSf73xjeTtay8Ddi9Mw)",Current,Other,Strap,Michael Parham,,2021,,,2021-02-27,,$1000.00,$725.00,,,,73,https://gearcheck.nicholewagner.com/item/73,reckiB0oWPO8yNtiG,,10/21/2022 9:50pm,050585000000000000007B7E,,Emmylou Harris Gibson
Jodi Head Emmylou Strap,,2022-03-31 22.12.58.jpg (https://v5.airtableusercontent.com/v3/u/25/25/1706493600000/5-WWC050_r6QQ6kKHkdi3w/pumzJeGp3Y8F_rE7rlfqb0e2BmP80Zs95jLnWATllncf-xG_zsa0bQQXFC031u7UDlR0blYlyKqE2N5gczyjAmNNJa5RrLZom7iXq2MLKXctHcNv6owCaKsibwi8E83LDfgykY1xAopQY5sMrMOXWcm8-_AnAfD1S9cyJQTLATM/G4X-zFZF0e6yY-IavRVdhqPonfXagqj5q-2FaAH0TQ4),Lost,Other,Strap,Jodi Head,Emmylou,2020,,,2022-03-15,Reverb,,,,,,71,https://gearcheck.nicholewagner.com/item/71,reckSNg2MAh5iDvkg,,,,,
Power Conditioner,"2022-03-31 21.50.23.jpg (https://v5.airtableusercontent.com/v3/u/25/25/1706493600000/Oqlx-PuGsP1OEnSlgeVH3A/zYW5jrIutEMvrVHshcyTfd269pf9xGRkTFWVSCLpuZOPnKLlGN965ZsQSQ-XrQSFadhZiCXAGZp8-qJlLellM9zlJqUfvJ-ERpzqFe96mZpoL3bznNrIDA_7Ttzj0DeXU8qOXxOjyBPzwR0dn9l-4mb1uC0YcrysObvm6eWG5iQ/rp8C8ysxxqGTYIctxaIjSe2wnZ7ALcP19qp4JL-qZN0),2022-03-31 21.50.28.jpg (https://v5.airtableusercontent.com/v3/u/25/25/1706493600000/FcK1A_fmqOOs9CQd18yOCg/fXiy0EzkuLRolHjEjKNI8kiFTmOrXmo-yJM5HcPFcWeueFh_zpBlNcEkKbDDXQkXQmi7tzmbAGyVaJGQvseqmHuMiL_nQ9LYeIu8UVh2Dp6FV4XM_fQZ6e1hmYrt9gN_3_zGwKpyUxldTnwv7f6OPNmxhVfj4OdeHfWadfxNyR4/0FA0GYlY92-ULhED7qFyry6VdRaCXVHdpqqI6sP272U)",Amazon_com - Order 111-8101487-0143465.pdf (https://v5.airtableusercontent.com/v3/u/25/25/1706493600000/UmZtisjIBoBvmTnTGr0AFg/JGt9AKuM3y3PPAW_P0ixRQmNZT_gjVviujTInaupvqHM8t0UbOd2LL9CuGXO-2ffkmiWPAggWILrJA655RfWbkovjgPRoBGlHMCVtNCjff2GcT6EQNYR9lXmmQQiYYiMykzF0OmNbG0bl18zvcklYCxue-S7iip3V8hLOk7XAz4_wH2JPinJOwwVSrwkteT2/d4uwhYRVlfHw3VQRuYQeatbfnYKbxDQhXNZp4-GHQEY),Current,Live Sound,Power,Furman ,SS-6B,,,,2019-05-19,Amazon,$34.00,$33.49,,,,69,https://gearcheck.nicholewagner.com/item/69,recor2DQ8RtEOPrT9,,12/1/2023 4:29pm,E2000020270A005907402139,,
Shubb Finetune Capo - Rosie,,,Current,Other,Capo,Shubb,Finetune,,,,,,$80.00,$80.00,,,,58,https://gearcheck.nicholewagner.com/item/58,recB6LtLrWnFbUMfo,,10/8/2022 11:50pm,2022062512247A03102001FE,,
Shubb Finetune Capo - Emmy,,2022-03-31 22.22.01.jpg (https://v5.airtableusercontent.com/v3/u/25/25/1706493600000/tDVCpRiMImsF7BNeCDP1vg/MA85rRwn6AEU0G32A5SGGGo5VeHY4pUhJZm9SlKdDNJHypb1TlAssWovxLhxesUaZE_D_hKZKe-eoS8uJR7lgZmR18RvOxAP7OcxVDFu8xSl4Idt1VBHyfWQ1uQpVbGmMVgYh9Ahb-njBPwIK3S9HL3FQhOsAg9nlZXYo_r_50U/EdKIoQlnKWJi3xp5-hdAOd2-F-xGIH3FxhiHaJoZFvM),Current,Other,Capo,Shubb,Finetune,,,,,,$80.00,$80.00,,,,59,https://gearcheck.nicholewagner.com/item/59,recsyIax2jL2Ua72V,,10/21/2022 9:50pm,2022062512247A0310200216,,
Shubb Finetune Capo,,,Current,Other,Capo,Shubb,Finetune,,,,,,$80.00,$80.00,,,,60,https://gearcheck.nicholewagner.com/item/60,recCaMBDIKjAYDzPR,,11/2/2022 4:42pm,2022072816349A011A100A28,,
Shubb Capo,,2022-03-31 22.09.24.jpg (https://v5.airtableusercontent.com/v3/u/25/25/1706493600000/rDmw_UvlCztckL_LoYiEEA/lUaIc7dyQryH3Uf5N3uAtiJzqeeE_N1OJkJyx5RjnyzpW-6luWxsAZRr2l7pgxZZtEDLaumVTbU199dVHOsCxMrLHd83BEYb9QKEV7fw2lMYJaYD7KOB42Bjg26a1yQwJb9GwNTT1_MjbQIQKpF4KiTk39QpgwMTlvGwKYKL-P8/KcUf0HlLTfO_HDayeI88L9KB1BoZ6j0xEwKCEAvbnGY),Current,Other,Capo,Shubb,S3V,,,,,,$43.00,$42.00,,,,70,https://gearcheck.nicholewagner.com/item/70,receHiThidjHm1fuV,,,,,
Shubb Finetune Capo - J-200jr,,,Current,Other,Capo,Shubb,Finetune,,,,,,$80.00,$80.00,,,,103,https://gearcheck.nicholewagner.com/item/103,recWP5ap0HpBZU3zO,,8/20/2022 7:50pm,2022072816349A011A10092B,,
Franklin Glider Capo,,,Current,Other,Capo,,,,,,,,$35.00,$35.00,,,,128,https://gearcheck.nicholewagner.com/item/128,recwM2C6VWSncGs34,,,,,
Digital Interface,,,Current,Other,Analog-to-Digital Converter,Tascam,US-2x2,,0010026,/instruments/3574,2015-01-01,Guitar Center,$200.00,$200.00,,,,3,https://gearcheck.nicholewagner.com/item/3,recIVJUYxPNNUIBX7,,,,,
mono pedal board + bag,,2022-03-31 22.12.34.jpg (https://v5.airtableusercontent.com/v3/u/25/25/1706493600000/B2u2cL-LgL0oRYgxSYsHlA/_Ky43wsXdyLPicFUM4L8ykyAMaobwLaLF7V2plhdCNQNmEMroARHPFYigURtiDHmsCpK6koSo4e0kydXeXALAaERLlMFV-fNFGr2RecdRwVIeTv9L9cRuL0Wq7qqqeDq9ga67mj4NzNhkUr_FgBN9DRjNmO2ZWpyDGiqvPbndKA/k7aiMAA_PASy-vywVn-1Lc2ISxg4oXBojoaU0zFG7iI),Sold,Pedal,Pedal Board,PedalTrain + Mono,,,,,2020-06-20,Mercari,,,,,Sold on Reverb ,37,https://gearcheck.nicholewagner.com/item/37,rec3p2p8O6g7IzXDP,,,,,
Nano+ Pedal Board Electric,2022-03-31 22.32.22.jpg (https://v5.airtableusercontent.com/v3/u/25/25/1706493600000/mXTHeNw_y2wY-3snm1YRbQ/3z3Ut3riX-_9sLifv3ts6-BN90c7PPRjR4IbG8IyuY9ZqJzprFJQknYvc75_kpPQYgWOh1Gc1O8xJ7DK1pb-PPurSSDmfTdo8S1EOEOuRYqhfUSATvi7jdkFBwJBMaRsbNtwlF3U--3HIYGZJsbHwjtmj0Vl5H0edQ16YrsHBDs/th75qh9H55IscuZPg8RY8DYzNT8yLLpuQDP0fYQYn7s),2022-03-31 22.19.09.jpg (https://v5.airtableusercontent.com/v3/u/25/25/1706493600000/fek-NyiPxMmmp7aYcc8JJA/1Y7SLRXl8Gg4KSZ0Y9g2zxQyF7xF4igoNqaaDRYssH2fV3C32jeI7ivqHNBWdlxDCNseNTaiS4tBAwfqmrlhy8R0ocy3Imevbx_kowln16MhOZh86dwhTFmxydGk9V03KpT2EBD7uvXsF97wCUAJUWJUTg0OWkrqT3fO17waR4E/ezbYigadI73GGcxkb8ERIjMjARZ4q25zeMLS2LKA4sk),Current,Pedal,Pedal Board,PedalTrain,Nano+,,N/A,,2021-08-01,Reverb Chicago Music Exchange,$75.00,$75.00,,,,47,https://gearcheck.nicholewagner.com/item/47,recMq9hr5ajdQ1JJZ,,3/25/2023 3:33pm,E280699500005005EF4115C0,,
Nano+ Pedal Board Acoustic,2022-03-31 21.53.29.jpg (https://v5.airtableusercontent.com/v3/u/25/25/1706493600000/VZ2dQXlEhgVPqQ3C_cmUnA/J0dX2BXkHk9ciY13m6Y2fFyz44kLv9oJks_s-_vGTDtFDUOPABbe59A9VPPGvMZQD1Vu8bUEXB25gF8svLV-HTj_xz9ujIsFuyft1_wwt5zy-ifXmzK6hjw2G-o6GeFwJu7U6PAWa6vc17FZuTz-uF1NEH0wXjnfW_M2kGDeZ8Y/ogegLkcbgLuuK8EJdsegyYkDLMiCKTB0ZwG954Oc3s0),2022-03-31 22.21.31.jpg (https://v5.airtableusercontent.com/v3/u/25/25/1706493600000/Df7664bRa-N3hYPWspThXA/imE3V9GsmVtEKaH-8kTJYqBoxMSiQliHZRdlK66iycFJ_ec6-Zc42fR_UeowmCJYbFvJK3sq2Rkcq6SHynHV60Ms4nBXM1LUEe7YXcSsZIQBA3iHhYVj20xrx-zu7Y8nVurnmn2YXP2J0VQffw8NP9oc0zyHaGWFVpre1liqg-M/FOadJ8zn0KGo2kcxV4AoeW9uX2T07McXhLAJYwKx414),Current,Pedal,Pedal Board,PedalTrain,Nano+,,N/A,,2021-08-01,Reverb Chicago Music Exchange,$75.00,$75.00,,,,48,https://gearcheck.nicholewagner.com/item/48,recEoesEKju7bNc63,,12/1/2023 4:29pm,000119800000000000001EC6,,
Super Chorus,"2019-03-09 13.09.33.jpg (https://v5.airtableusercontent.com/v3/u/25/25/1706493600000/4bi00vj0e0r-hW_YfUnS-Q/EjnhGf_RH-t2i5w84DfBZE5YRgm0clPLQaRmMZLwfRIpjHqa2GpinrE8UUVPsk84PccBi6WdAj-ueHUbmESznxnvLt9c6q46b4c8EGCVzMOengD7frg_m-KFlVS-hm7RC8bPvg5yBDA3ekQLNn_4UFNZbclzH1w--BzyVyOwQ-U/KdHFaqS0pF1OI7Q4d1RvGTmmwbazXqHDsaWy4qtH2Z8),2019-03-09 13.09.28.jpg (https://v5.airtableusercontent.com/v3/u/25/25/1706493600000/0qiXc0f8zk1NYK_vAdHwIg/BpGZ8v3VeCoaag12oOJVqge-mdjZlGAIu6AQA2yM1rWzuCjd05bwVnNhDeONXHtnCu05j45iP8ptJttlm_4has7HFrJQFr5sFuzeAtm4lVmoELY26XgVFwKIRr8ctCgKwXJ1xkSn4LrFyx_p84JoErvkOKY2nO3LVS7LOdfjkNU/kV4VZBCu639P8cDjR58RAdAIrDVR0Ac5xVzxxR6_06w)",,Current,Pedal,Effects,Boss,Super Chorus CH-1,2014,CR09258,,2016-03-09,Craigslist,$60.00,$50.00,,,,14,https://gearcheck.nicholewagner.com/item/14,recvBj51rsC4lmjAI,,,,,
Echobrain,"2019-03-25 22.42.06.jpg (https://v5.airtableusercontent.com/v3/u/25/25/1706493600000/co2UdFF3djYt1r_x7Kw2zw/g9Gc2UDyKGPfTvJMBSzDKmMv_uRn6OOjRYxWY-ToZTvxWFQH2FiSabwVoOtyjTv1Cyx89_HUzV9wLoPWF2yNK5Z9R3rHJzZmel53VwodHsBPySJyMxeY5FfQsI2VjdGYQHBrJznOJW97il5C7Uj0lKLfxQrszhyFoTe-ZQ08yvo/w6WBDvyJHwb7NbWCFzAZGW40CTjToAFf0Qn1EzJ7Kpc),2019-03-25 22.42.00.jpg (https://v5.airtableusercontent.com/v3/u/25/25/1706493600000/BNIAnB9p7KyYVGqhM019eQ/kLYe2f5BMlN8Xx0i6EoEDNW42ZlPVUKNX9_-LHkgQm3BH1uK35dyUylug0TYIMRTSSEyXncwHVMIx8TGr5CVObpEc_bxd6S217akghGAdZIedADQqQN6EhXYiW0d9m5wsEXxJKioL-bKOiaMFnWXo8OsApyh95mZE0elKhCLMbw/7F8b9778Baf2utkfND7SsRj0cP1n1uE-lB6kDPPuowU)",,Current,Pedal,Effects,TC Electronics,Echobrain,2019,S180501826CBE,,2019-03-24,Guitar Center,$75.00,$75.00,,,,26,https://gearcheck.nicholewagner.com/item/26,recs6Ko6GmjCN8iJ9,,,,,
Earthquakes Levitation,2022-01-05 19.55.40.jpg (https://v5.airtableusercontent.com/v3/u/25/25/1706493600000/hsAnpjHCIt5-w0hc_Iihzw/v0p94SQ3EJbHrfyOYs-xtWzFVSQJPyVrjNkLWFdOjqAMivm15VwNVgtfy8Zx-sa5QVikvEypn6s6luFvs0N93UH7lGIATFwReIG7EPHB17bPODaeNMIjTM4LnTQW203MjhpqYKhfsPZ-NSPPXI5zYvzlPBVC5BrjFyayCyvqgUc/cIl0vDIvG69XjMbAUoOOjZPMidP50Y6nilQtwmE6DX8),,Current,Pedal,Effects,Earthquaker ,Levitation,2019,,,2020-03-08,South Austin Music,$189.00,$189.00,,,,35,https://gearcheck.nicholewagner.com/item/35,reclnmiQkr7EZ5agf,,,,,
Blessed Mother,"2020-11-25 11.53.53.jpg (https://v5.airtableusercontent.com/v3/u/25/25/1706493600000/kZ6Z0qhsQ05L3vd_kpMslw/iAvvtcidFYdYhBBs4AJ6YjavkDuUMNaqm5JxrKqZFIdhZgYAv30CHH_Rm-uJLDqSdFywvRVUz0UDu8_0f4uhyPFu5Rq96WdOYiQq1I3LrElyOZhhcpjb4d5Z6sHX3cICz4KNMy14TdozrnPgS5ciEg9uu1JcFhRhaJO1mvXvbuo/n8-JjqqiIkHTSAnsFh5J91TIBK1iYTQJnEAiIrgAQsk),2020-11-25 21.32.21.jpg (https://v5.airtableusercontent.com/v3/u/25/25/1706493600000/asKLGUVQum13ocS4AwYmHQ/djjbOmWWRAsdgUhy9-Y9mx1yOejvj9CSkr-kFyQbWdhHYAd2WjNMjVQjVYp_6iklZ8tGi8mcW60oElKAMzEIs6Yb5QLhrtLU4thBm-IpdAVIcHbUEVGyqZPFpqBaKCrWvAdCl_3EbjNAy7Jv81UUSE4CVWE3kVXW0Hbn4Xp-xZA/il9VncZe5X43kkWwR2q6iOKUc9Tngya2kuyLrilgyVA)",2022-03-31 22.12.23.jpg (https://v5.airtableusercontent.com/v3/u/25/25/1706493600000/83sc05UH7S_3bVU3ncTy_Q/GrWAFGI1mLOE0t5Sns9gdmACV00zcCH-fo7Q8uFlQjnCh4SXNDK54iJftsve8Q16J9hpU0WT_jY3b3I-YZnRqIojvSDrMqJh7Ys0XDBUCG-HN4RLV4S4W0qsB31IZ2SqOkRv1T2nEl8PkgBzpSAydXFqMhLV36UnAUW3VKKg_AE/khaeD4rBDeI9Zx8HJ08GSsOzfgewFVibkhDcLUaSEak),Current,Pedal,Effects,Heather Brown Electronicals,Blessed Mother,2020,,,2020-11-17,Reverb ,$225.00,$225.00,,,,40,https://gearcheck.nicholewagner.com/item/40,recQ2ALTrE3FjVkR5,,,,,
BodyRez,2022-01-05 19.57.12.jpg (https://v5.airtableusercontent.com/v3/u/25/25/1706493600000/7HLUXh-eDQEcNGcDb_E_JQ/7lJpflLZb2kpqlrc9u6YpnfzZawWNVyLiJ4F-qxHFDH02foan1ww_izA-qg7f_E0yuL18CCrretXorKmNrcirKN17h6X_-kCUKR35_VMj-ooGEPL-mub6BU70JpQy9_srOVE3XVYcFyz0ffzWAPFox4cgUxXcMxtdwhrj9NeEf4/VFkLYp50FeQCYEy3lEqyEtphgy22WLdUmmEOk0JU0eY),Screen Shot 2022-04-01 at 8_17_09 AM.png (https://v5.airtableusercontent.com/v3/u/25/25/1706493600000/UK54PoXkhOz4ePLAY-Cc7A/dcY3a_eC3bI5Hz9qeugEbKh3hCPiRRjV5dxA2MQGxBmwC9ytgfzDgN3zPKJESXftNtjngXnKrLckCkOiwmGtZGRnbALSZWMxtt3P4VrLk4anGy-7PwynL3i1awM3DsjrGDbRx7STZfRelwFQVYw7nn_J6dqL6ri88FOBKs_6Ob8/Zmc-WyV1ngXpCqnOThO-W_r-EmYhKwBvUAC4EuQHCgc),Current,Pedal,Effects,TC Electronics,BodyRez,2020,,,2020-12-04,Amazon,$109.00,$92.00,,,,43,https://gearcheck.nicholewagner.com/item/43,recZe1EfJHeDQuV0K,,,,,
Acoustic Simulator,2022-01-05 19.55.20.jpg (https://v5.airtableusercontent.com/v3/u/25/25/1706493600000/UIFXZR7ygljDipax4RqPuA/B4HzvC6F5TXz4wh4qknyCHfjYrbyFn6uebUCcEFznbidlq34tPQCF1OZ6stdj0UjmBXqoahTgHBI8G6hAH7ONNMiM_lu2iiUtikzXAwhBNKBEXEYmVFJPXCKnfVKmEfqF8Y6hn541qTSYwFslGUY06eSHv4wKAmiPSErQJCLVFI/_VosUOfWkqvcbrroOlji6XHhV7_z6P4XwiP9EhBMgO8),2022-03-31 22.21.43.jpg (https://v5.airtableusercontent.com/v3/u/25/25/1706493600000/XPdxCpQDMWHmz70VTdklcw/n2thBZOen7EN0w0NM-m8BloNqffRioHtllJAwDcsD71lyRd83hz5sax_rCe5I5MDsjSR6oTUqFj9NHaITDaPJimkhEPmYKJQbxQlQkBJbuxDIEY_TfidZfLqmHTHlC9y_idRnpVgpgbNeuP9tGJtYWcL1R9MPS_Zzb11p7ralBc/i1bIueXBk-NNv1e0cmPOig2wkZ9YtiHkHp_c4TBQPg0),Current,Pedal,Effects,Boss,AC-3,,,,2021-04-05,Reverb,$100.00,$84.00,,,,44,https://gearcheck.nicholewagner.com/item/44,reccsu2cucUzJtEyr,,,,,
Equalizer GE-7,2022-01-05 19.53.32.jpg (https://v5.airtableusercontent.com/v3/u/25/25/1706493600000/jm080S58QBs8IF7viVhS-A/S8cj2iHkOXYU_38jOWrwOUgGaYfIC5X9wZFn76woi731rG8XqUnp9LHl4FBjAI6JDDnI6Bq_QL7KNGVLEoCb3kHtv1BYHyxwh0Kcy5UMg1GqERyTqkUkJNL1HaDyIVbp5FSeFaaU1udwwuLcr6bJY8h-4QY97JhkmMMr6QeFIyw/Yv0GeEe0HbgyKP1CBYo854FD4aY5a7e_4a69L5Pv6rM),,Current,Pedal,Effects,Boss,Boss GE-7,,,,2022-08-05,Reverb,$100.00,$60.00,,,,55,https://gearcheck.nicholewagner.com/item/55,recdnw9Bjpg3qIoF2,,,,,
Durham Electronics Zia Drive,p01rnvcb6plljjagei8g.jpg (https://v5.airtableusercontent.com/v3/u/25/25/1706493600000/wkca02CnssAAH2sH3J0FeA/fMFGP-K8kRVLd3DhfjvyubPWQb9X0Yy-zzeMUsP1QfHWEBfQcuHwzVTcKx-F9Yqxa2a05H0X9VAyrUfmvqevUYY2jSEHLWAvuAcbr3kQn9kt3F5Ui5K2CqlkXCAmu8qR76Zavzi1u-x6oMOPJ_0RYkUxyjiTI29fWd2-ysjlWPc/ugsUtmdWFtuDZc78Cq8y_EIsF9wDRGZne_cc353YoBA),Screen Shot 2022-09-01 at 1_04_03 PM.png (https://v5.airtableusercontent.com/v3/u/25/25/1706493600000/CVWfG3_OPg3CIOE05xQhcQ/cPW6Rl8uhmA8o-O0lNMSkEZNc8Rkm-e5FxIqYKiMUcSyGQq5hWwYYSrdZ6U4K-_gw6Lgfx8Qk993-VuctQT7SexiCwK3orKS43XA_WYpSwNFHzZamtGa8EUpNbO0s3qVddu6ZpsnbmjmDBjY6pRCkV1RQepKVsxB_ZVEFFdHreE/Xjhll-qRYAcjxXL2TzmgQsPSyvUQHUVj54k9tLqTPYQ),Current,Pedal,Effects,Durham Electronics,Zia Drive,,,,2022-09-02,Reverb,$250.00,$125.00,,,,111,https://gearcheck.nicholewagner.com/item/111,recz96BccYSyoLGMd,,,,,
Fishman Aura Blender,"2019-03-09 13.08.04.jpg (https://v5.airtableusercontent.com/v3/u/25/25/1706493600000/xvo9R6i7YZioDbHWGixodQ/EcZ-eWYKLn-5wi5SefOvQ56sr-coCckysgHzrubLLgdh9jxOZ8fw-EHo7hVwy8UtFe1JJAqj8bb2Nzp5OoV7qhq_CU_V6hWr1WsCTVH4XOmHW0Dan2hN1rHfEsrBNU7GjnwzuzLWxhhJstXHR4_7QjPX-WtoyaGQsnh8YqReooQ/VJzqg13uC5KwpEOegchE6_xcJfNfszWpUvlYnvqHypM),2019-03-09 13.07.46.jpg (https://v5.airtableusercontent.com/v3/u/25/25/1706493600000/Yn8kkZGVe3gq7zu-BkRfRg/sIhoqZYG4GetXHG-QV7VFrR8GCREc1XLmYH0B3kfpzriAvd8XtAX3iIVT8C3coZZcOpHp4kZaOy7xQsWl01QhoREbE07Klbwp792oz6zuVaudr7urxv1lSs8Kfe1uVLJ5KqaSY8VTfwrgYs8PoddGgPy0GHaZCDXJlwUU_OVpeU/gNKKt0-9o4K6TD_S8ytLayTdWyuGFbL8PKsEW_7_1gI)",2022-03-31 22.08.56.jpg (https://v5.airtableusercontent.com/v3/u/25/25/1706493600000/ODoz88jcPcmt3EXcIuTU8w/Fbgj1GzUr849SJmuP7ynOB0HziYxzuue9BEMUPyLI0E9A0MwPGmsu4gMXA4GEPsGGalTegItfD5NAXy_Mc1aY0fhzOwiPjUktiP9fqt16qg6_OkMNsB9ejkm8Hy-DkVN4lH8tnt34F6y5C6wJ0unPrb6uIP1_kscLuuZC7qy2f8/fDyTDU-Vhtitn9FOFsWrAtf5pDrEMWrUINybXcx-8Uo),Current,Pedal,DI,Fishman,Aura ,2003,7271,,2015-08-31,Reverb,$120.00,$99.00,,,,1,https://gearcheck.nicholewagner.com/item/1,recCf32G3yX2LpyyY,,,,,
Twin Red-Eye,"2019-03-09 13.11.33.jpg (https://v5.airtableusercontent.com/v3/u/25/25/1706493600000/JO9nmd6SeoYXxd6j7rvriA/Vv82BNFjZ8tdCcA5XnLqLGOIaC6Y_Fu6YipHpR2EQGrK-vdVxOQrZ-FEPnhRIlHXeU5kqXzLCzSp8v3e8l64gvWdWqwUvBXkW0ZB-uBqyugpm6NJuwF6r7-CgByuigvgbKsPNAXyZoaLbrC9hQBTrf0CDyXm_3SuYDRPeGIPrvA/ei_gfFJeCDnmXLrjofIsJ_SE68kvMi0K4dOD-4PyGoc),2019-03-09 13.11.26.jpg (https://v5.airtableusercontent.com/v3/u/25/25/1706493600000/HhcHCFaoVHHlgB2kr8BO6g/t6HN__do8yifYa_NGWK7TO_hiOWNJZRQLWOwLiAAw9b_rytYY3c73AZ97WY0ysOjFta2q4Bel_H7ro_Di6AdvGQybnqbwm6CL5WDDXnj5lxYk3H_USlpAAoTG8jMFZgviH1WcdLbrpYNarVX_5icNBHvt_QsGXO8plxojnhUASQ/HEjQ6VYFXFrJJDS6GxG4iecTf13CrtaYzjXBSA3vxos)",,Current,Pedal,DI,Fire Eye Development,Red-Eye Twin,2015,T11-1633,,2017-01-01,Amazon,$300.00,$244.00,,,,17,https://gearcheck.nicholewagner.com/item/17,rectFkgmSGeFySEG6,,,,,
Red-Eye,"2019-03-09 13.12.52.jpg (https://v5.airtableusercontent.com/v3/u/25/25/1706493600000/mgZo5bzyWKXSIl1Mw7mBQQ/rjaDQt_dLnADqck_uWrJePbIdad9hNN961vDCLvue8mSneSl57HD5bvizYeA5I73aMsMUu0o_YybjOLNpxUNhGbxKThY-68L9-w5ik0i_HxOVjqF5aGeZrnTn1QkBjDc5x3UxCU3Zbu9T3aqEjijZUBE_J_NKr2N4dNv0xChqhM/F14yqg4Mpzg2cEmOcfRSu3sKK8YvS10QTYRaT_qOoAQ),2019-03-09 13.12.41.jpg (https://v5.airtableusercontent.com/v3/u/25/25/1706493600000/Vgw57Ex8RYWSDkK9nKwAIg/7GOm4fE_NtlUErvguDAg_XOJ5Tfo7shR0xSl1v53u8iPcWb6-6LWQH1T7_gIaKZeruWl4wpd5vUIkFZUEctgelbhY-Hz_ezaDz9axx8dkOj45JiZNOF7c51sYb6W_bRXWPtGro9-VQph4zmL6VBlY8mW08Ky73BX5e3iyFjnabo/GUL5mJawV9bbw4wFZNBCke6J0TcGLkNqZ7DrI-vppJA)",,Current,Pedal,DI,Fire Eye Development,Red-Eye,2017,,,2017-01-01,Reverb,$200.00,$100.00,,,,18,https://gearcheck.nicholewagner.com/item/18,recnbYtOjflFY3avL,,,,,
D'adarrio Micro Tune Soundhole,,Amazon_com - Order 114-3005342-0253812.pdf (https://v5.airtableusercontent.com/v3/u/25/25/1706493600000/t9rJFpmzJ3-k0G3N4laWqg/WwT2RQecI-kpguzKkvM7RBFkeLbKmgO2WvxiRd-thOsR0ufHaj9oHxKbqhuNlx-_LTN3W03iV6_0rRzqD2xFQ__JOEh9rEt6vhnKkiiWagpJxSk9IyPsXUe7JfLXCim5mJBk-vkSwjXp_NUm4XF_FsU11dbrRZ78YINbd2qn9brTTs4ON4enlFOO0MtuS_vW/41lsdKL8noZwBIoIh5IUPOftLx2s_6p6RM5YNLJXwss),Current,Other,Tuner,D'Adarrio,MicroTune,,,,,,$15.00,$15.00,,,,91,https://gearcheck.nicholewagner.com/item/91,recORnb17m2iBZXAi,,,,,
Tuning Pedal,"2019-03-09 13.13.30.jpg (https://v5.airtableusercontent.com/v3/u/25/25/1706493600000/QvKcG5uk4JBvyb0W9DU3zQ/1m_SVQW5PIwbWjdS5hj3FBPWPlrT0k5nhXCMYX3HDTVcXwG-DoctfybvnJUIomzT3ESFFuoC-Ixkuu6WCuPt2Ft-Lu36GE7dIc0yQb49H7kWN8RWW6UL5XNgOtubuG6dhTBdAxoD-KKgyWEmrknchJIpq62BRpJoyC0JlS4cLTQ/Z44-i_cjVWJW9RkyupITN4D_Fvysw1Dv85qcnhTQ-hc),2019-03-09 13.13.40.jpg (https://v5.airtableusercontent.com/v3/u/25/25/1706493600000/d5cE9l15OvAyhl2vqVqvlQ/2gGIVctQO0ZOAcewUCEiEp1GrLZAUgIRvaPO8EvUeV6RbkDIzfRFYwYx-t_lhJMkFvSJK6uQPl6QGr7ht4rc9ANaaZwnbtMjEwGvatP0WUGihylGZd12fLXxwedfvv8jiqTtqXu2Q5VgyaVgweT4_KE8MfDRfTM7pREi1Ec3zYg/Cjbg7mOvp-ciQ7wXgGr1L2taWd3_I0OafCV_ehMtDpQ)",,Current,Pedal,Tuner,boss,Chromatic Tuner TU-3,2015,I8E 2840,/instruments/3575,2015-03-20,Guitar Center,$99.00,$99.00,,,,8,https://gearcheck.nicholewagner.com/item/8,recXiz63dE0UZHIHP,,,,,
Korg Tuner,2022-01-05 19.54.41.jpg (https://v5.airtableusercontent.com/v3/u/25/25/1706493600000/i2r0w8X-vdgklZ97FXbUVg/RtkVuOB-e9tN-bWmyi0kiqLYZrEt7RX6rFKJChxhoStviFFHzLJ4fc5aA-98lk8KA6jxfvisFvwkRP9Vz5QyuDSRGebX2644TjeOfYu7Pyac6-pieNVOJH0bFzW8cqkfIdwhPKKlqHKqkMqccMGLmWTXqfCfC9hTPMtuhtKVTsE/q6Jnc35oKPZg88kDcGuZIn4CnSK41QqzlXYLtpZvxVI),2022-03-31 22.11.06.jpg (https://v5.airtableusercontent.com/v3/u/25/25/1706493600000/fcB0viJ9qOG9ftYwuw3mRg/J6tNfZ7ZpbmkyQUMr7Yi9DPnqvVDoa3sqbf-xmrgpxzBUSAw-bZGta9vW0XgwnA-ZHXpYiG-sRadILQxdrLW4-j3NgDhqLKHbcIV7TAiiFgkgCAXUeR17f2pgf5BlC5_yM9KdYtqSch8HrSPo494DlVBy3czt9OMmcsdVz8MEag/RkkicmbBNIh8m15Kv6UOJuru4Ttvht40WR1-IlxIUlk),Current,Pedal,Tuner,Korg,Pitchblack,,,,2019-05-11,Reverb,$50.00,$40.00,,,,29,https://gearcheck.nicholewagner.com/item/29,rec9rTfFt6jazM4ox,,,,,
Kliq Tiny Tune,,Amazon_com - Order 111-6692935-9569022.pdf (https://v5.airtableusercontent.com/v3/u/25/25/1706493600000/zQVZPI9f-OrF9dmXOq_-3Q/7UubbtLgoY4QlMs22dl-GvuUk83ev8Q73HJL1LKfMvdrWr89qnG0Fp3k6zGsztuhqMfK04P0adbhe6_E165Za4TUWdjmdVELoHnTiPY1Kl44zyDQ9GHbxsLgnavbZhn6kWVO16rwi0m3uhGv00peUhCl34cZ7dvZovhqIyzktoVJDYi4bIYuLO87_wrJozoE/fxABVACsxdsp79nDFawWtBjfX_0Pv_7v35RiyBf33-g),Current,Pedal,Tuner,Kilq,TinyTune,2022,,,2022-07-01,Amazon,$30.00,$30.00,,,,86,https://gearcheck.nicholewagner.com/item/86,recGVUHUQsLcXdUbt,,,,,
Bush,,,Current,Instrument,Mandolin,Loar,LM-310F,2019,,,2020-07-13,South Austin Music ,$400.00,$225.00,,,,38,https://gearcheck.nicholewagner.com/item/38,recFaFUS191wn4q7r,,,,,
Violin,,,Current,Instrument,Strings,,,1998,,,2019-09-13,Austin Strings,$600.00,$499.00,,,,32,https://gearcheck.nicholewagner.com/item/32,reczz4GXA4iakltHc,,,,,
Baritone Uke,"2019-03-09 13.24.10.jpg (https://v5.airtableusercontent.com/v3/u/25/25/1706493600000/Mt7RnwWzwqCksR8QK7tK_g/-CwAOw1kcqQ6JRQqQgu52thzeLGwmzKvQU7ctQaWmMxkX1vVWkkmxXWKKPWO618O_I4Raqb59rlx5HCebpXC5X-5Qyf9Lsc1EjE5KWikceNxePkL96IqacXQEvYEMCTg5YVPCPZsLAffjgDEEZjZ-RKEUAaRCDmJlTwN9MFoDaw/sp-FlPRfvwvz6t-AeGc0H716xsHMCZdmu-xzNps3594),2019-03-09 13.24.14.jpg (https://v5.airtableusercontent.com/v3/u/25/25/1706493600000/s348YWN7ilLsDEpa8ISTaA/T5LG3cedD4dceGDyCk65ISoSey9CxSkh0DGgl7UB4bJ2bbuSUr-h1NT0TzCRZcbiuxUNJ2l8hQ9hS2B8mbo6To07xOjYrcO6y8KdTKnNHFn7es7SI3xZFQDWjRgUIDcGF6GoEo8i1Sn-EEmBmtq1d6ch8OioDMhutweVu_1VDxI/IQ8AEXthB5di45B_My6jisXM90aYbMeBs88A9zj0lEY)",,Current,Instrument,Uke,Harmony,Baritone,1979,RB-3525,,2016-01-01,Craigslist,$300.00,$150.00,,,,13,https://gearcheck.nicholewagner.com/item/13,recvzBTiKsP9YbjX0,,,,,
Taylor Concert,use-guitar-taylor-712ce.jpg.png (https://v5.airtableusercontent.com/v3/u/25/25/1706493600000/zFye_Cdum2iSvglhuiYsuA/yk62CfJft_QzZUIDzIOdacdbnziqODGtwL_3DAhNr3Um1w2fjvDcHKpo9bDUbzlZKlhGx43W4_MSLiXPs0WDuJIILWe5rnXG-IEfF72JP60VqoYUSX_B84zo6yAKOzTp/pp0GnRkbNvzZH4kpt0sSI3dLOzYqrZSqqfUjKfhUIAw),,Sold,Instrument,Guitar,Taylor,712ce,2001,20010313141,/instruments/3216,2014-11-06,South Austin Music,$1800.00,$1440.00,,,,2,https://gearcheck.nicholewagner.com/item/2,recn2RwDbr65Qrk1C,,,,,
Taylor Dread,"use-guitar-taylor-510_0.jpg.png (https://v5.airtableusercontent.com/v3/u/25/25/1706493600000/5rGR_1zNlOpjqpOK16BCqg/dS_qVNE6sv4mYwwmBE-5YTPSA0M_0NBcR6ABsyZnRucc770KHz4UbMMDnWXO-Yc9puBo1kebknEHPRDGFmLzLHDNGiukLFbjAG-7iyi5ZHsClcREfpUbrc8U8CT15i4u/CaAHU-bXJoG6YxviChzGhyk2EgCB_mnk6Z7jvlqyBcY),use-guitar-taylor-510.jpg.png (https://v5.airtableusercontent.com/v3/u/25/25/1706493600000/HuQbRkSNLt27AwGL1gVWgQ/QT4d7qChWxUTi1bgNxIxttD7FtwaxO_SrJaW6yCY3gXj0L3pM93dRgwrWJNe-971T_g-9ZWeoyA3KD_u8adh6Q7iWPJgrIkH9qXtKh8BxjGlDcXUCWrVlqh2L68F4mga/_-tbJcRbXxS7TCWlILHdmycVzIDeyRjCkTMUaf6NL8s)",,Sold,Instrument,Guitar,Taylor,510,1998,980409106,/instruments/3987,2015-07-15,South Austin Music,$1300.00,$1600.00,,,Traded in at SAM for $900 down on J-50 (2020/11/24),9,https://gearcheck.nicholewagner.com/item/9,recyhO3OUHflmXBOu,,,,,
Maple Jumbo,"2019-03-10 11.31.45.jpg (https://v5.airtableusercontent.com/v3/u/25/25/1706493600000/8hcaT61fbGq40eOLITnfrA/dmWOrCnPcWTEUVBIJ-ifbw5T4OKUU2E64nA4aTM3joz3nd4rU0Ts3RTuDQoQ4ItbRNh8UPAZqNn3pEc7caB9DPsEPRUDdvHbYTBpVZw_HbWmjvrq9dfuIoZ_tVdHyjlKoCEuV4cRYR9k9ZDteUFN2ZBjuwPmqL-fKpLxaZX_YUE/vB8Y3XBayd-eZY4_jTu7G_zSqz2uqxypAGQM46OE_uk),2019-03-10 11.31.50.jpg (https://v5.airtableusercontent.com/v3/u/25/25/1706493600000/Ul5DMAL3IFNJHIJIomynLQ/61kpQ0bU2Fg8rgOjI_v80DM-7YeDuNd7d8KUY-16ZVLCV8RruMuMGg27hbnfTj68Pl-wVFDtpVzVhsIo1DBt0_IBYaHQk04RB_vjPay1azo5RzXF4BC3SbOQ4UNWdc-2tNBQUt6PjWQLSQyqS9fYwjRhIO02OqLO5fdxLmWANiA/dNGucMJbOcL_YwmTGPn1h4lwMNzgkwWLPa_d2hwrgXQ),2019-03-10 11.31.55.jpg (https://v5.airtableusercontent.com/v3/u/25/25/1706493600000/-p6yMOA9SxucGMdtXZYs7Q/ZnSgAA9IlGwB36YU03cvJ7RuE0EyMBTp9-C6BeG9Tvxu1nICknETWsAXWW9F01RC-fOXqZphmJAubMSftk8Ch8WlZxWzMxTfp_ZxX7bCYBDrmY3k2XWNc6VlqvJSE2mudGTQ1o1-8ExeUEm5mWv7LMLnQUU2KKsac8pJ10z7-kw/OS7wCFFdjFpGifXeI-KlEe9egt8rbc8JiSQlWc_UGuU),2019-03-10 11.32.01.jpg (https://v5.airtableusercontent.com/v3/u/25/25/1706493600000/-WCavjFk-ahkBAztdd59OA/CL4FUPLpT1X805ggJ82jWXtqUNtPw36SeJNH2nyY35H3NyeUCZpCg82_jvuLEM8NXrTB-ycN1sX4rOz03Ofb8ahY4py2b82mbdYrgNZ7lVbRB8r-sekYK_JM0khzByOslUivGaH11c_BKhgyMTehpsGjccbdpCnOJBNFFI5zmro/6f32rIwfCcYemcLv6owi6dWjiMt7d8a5kWl59OGA91I)",,Sold,Instrument,Guitar,Gibson,J-150,Aug 15 2001,02281042,,2016-07-15,South Austin Music,$2200.00,$2200.00,,,Sold 2/14/22 - $2400,16,https://gearcheck.nicholewagner.com/item/16,recHz03oN2QyPqIoZ,,,,,
Guild Songbird,"te49w7hjysnaj3eaemzc.webp (https://v5.airtableusercontent.com/v3/u/25/25/1706493600000/2ORHuRDrNFuQlOsv286A8g/A-OHZLp1FUuji75Vx6JGi1jVNgmuz6gNlEgvRmTAlJYAkUB-Y1SiBEOJgOcdk2F4ztDcgz-mjWzca569x5lSY3eAPHv2X6giS2yZAMjQUtBQzlEk0KcrEdMX7hTcwsDO8tAeDjjYCte1_LKWaVMhD0oDa2RnHccubAuQHikuNCY/XtlOqEhzXdklGGt4b9Gx7G2sx0eHUhd98F2yFnMPNeQ),rpkjajnzrrcp1srjuybl.webp (https://v5.airtableusercontent.com/v3/u/25/25/1706493600000/6Zsjn5XZAgy4qzzJF0Rryg/e1-XiJDjgVdZ0hUDHPgG1vXW3SpyuPRtqej-mFut7tdLS5HTZdq5iAnRj1FVVns9D_CeDJNgl6v6NVUmOZ_U6r19d0rhW7DdEeBSXeKEAIc8OkpQlEtV65bfzjyDmXFUkZzariQblaQwR5XugUIk24avcjD8NmTIDdIIRH1RnYU/tGYEN_ywXvOr0vS1vZoiM88BGzxqiI99xB52oy4Mbqg),wdazsf1gjbehjnmgdm2h.webp (https://v5.airtableusercontent.com/v3/u/25/25/1706493600000/MEc779hFFQHGt7YBziv-lQ/sOuzKHQqSnJdrjHA4gBzJ8PScLNe9cnIiJgs_-J6jELrqg5SNYTRHXPMkrfiqfTOZ9p-SEsp35eO5nk_yVB4ZA_loK3Oq2mfp-Fx4j1pnFSml1S8iu8cX-8k6GrmUnMmUEBGhEbWIBQgyat-3eFOMU0fKOSjApi14Ex0rZSsHuc/LtfmmBoJ5JDMW8-lmN0CqlUTMp6WsrWhqcODJ4tOjIE),luiuyyvft8aze7pbirso.webp (https://v5.airtableusercontent.com/v3/u/25/25/1706493600000/q34JOnW8MVb-9Z10b3FENQ/ylSUHJqOD2kbMOP5sDRi_t_R7dl9usWtda3ly4E7x_EsOVI4sH1pmWWmWlbCXnYmB_2zKMseF6nyC7wF7AGnKzi9e-W5wIUTZ88zzHDyhDYe0ITCJmnuT2AGIa0SOmpKGaw9PCv3bnOsjcRIX7BZpT21micJD0ohAby3tNNZczY/_A-Zy9ieRzq7tQu3nlayD7-0z7_9_IQ9W9s5ttE0v0A)",,Sold,Instrument,Guitar,Guild,Songbird,1991,KK001514,,2019-01-10,Reverb,$1400.00,$1000.00,,,,24,https://gearcheck.nicholewagner.com/item/24,recyr3bzPgT6sGXV6,,,,,
Terz,"martinsize5.jpg (https://v5.airtableusercontent.com/v3/u/25/25/1706493600000/FR_zVeB5l2ylq2aSyQJX2A/7TH1Io4FPYgXw3KUV22L8aVHYugbC2aDFNvTP0woKU2Vn6gFTKC2h50duYspmc7IPpPUzKir1Jr5v_NTb1kdklkw_dP1k_jhFgpMfquzt5UOYbU8V42eak-tfokEbe0kmI2ETo7V5OICPCqHM4Bhwg/ZAMqoS8MJrY5P7nNocQTZtSC471OghFWcHK9j3I_VE8),martin5.jpg (https://v5.airtableusercontent.com/v3/u/25/25/1706493600000/ACVQprzhHZmBO1fzVLzVPg/4ebk3fRDIjJxePxKsp2Oqmdm33AaZgKv7H1E56JrLjiRF8elde63Wu-4mjV5pTD440dDT0oKBavBPTf_MozAUA68EzEOKnznk-GP13vWjIvHN4oYmUcei5Xj9pnCMX6FNvAoi_ub1He79TrXkjS8Lg/ILO2hheBaWgDOVaUlOqlejVfI02CqsU6Kypgjs4-t-g)",,Sold,Instrument,Guitar,Martin,Terz 5-12,2015,1895309,,2019-10-06,Reverb,$2600.00,$1688.00,,,,34,https://gearcheck.nicholewagner.com/item/34,rec9iQDJwYFITCgY5,,,,,
Edwards Pink Strat,"2023-06-24 19.22.04.jpg (https://v5.airtableusercontent.com/v3/u/25/25/1706493600000/O-uAVle60lCEFnx7bQjnkg/Wlhs4HBTAhtDTYSzUZSqQH5HlL3_p1-RyCJuPXLQ05MNYmjoutiCf1m9x4e8B99V0KQ-VuE5XvKCy7eOz_oXe7hpAmdiW-GRw5JGZT1yv5BW-USRRLgkSmo51t7l6cn6o7SA6cqOziQF-1UMDrvR42jrzfla1E2lwnPZMxzbcxg/Bt-Mba2oNY1oxY3dghHa4duic04gULAV-3-_Yq4V5-4),2023-05-02 17.56.07.jpg (https://v5.airtableusercontent.com/v3/u/25/25/1706493600000/1r57ZcHHkJJ3f49-PeYe6w/2jIb7dlL9HtiSYAIAV3HDbmFRxtMASlCrYbnM7lWZYcfzip2S1cIJhCSulJzR8ha7uQAwavqxa7weGDcE3cjyOsywhVW9mX-TmOJTCT3JFSjRNOSiX8nt5aCm6v7YX8VjK50Vn7ZZ8mcTD8vXl8zaM6WFqDw1_kRh24Cp6w72oQ/t6z0TLe4drQH0pn17qL-OK_7OYIl_rvuLuupdmgXlFE),2023-05-02 17.56.08.jpg (https://v5.airtableusercontent.com/v3/u/25/25/1706493600000/BuDrBX0oWgB2qQw-TlB2tQ/SGwTqUYHyaoNVLESYBtIxAPVieMLRypcz98_g71TwikQrd4Pp0RSsgdQc4V7YR284iMzKWrYDEcZbwVhiE3kRLXSF6N0_FybZqHd_s2pCyPc4SHWtN8-z1Dmgaoo1YHiC_2_Ghjje8fAXFia3FP--Hu3DALJd9KPH20X0bZnkuI/c_JRwoxTTTTE6fRxvl0cQljVOG13ZgQo-nmWowI-VGU),2023-05-02 17.56.08.jpg (https://v5.airtableusercontent.com/v3/u/25/25/1706493600000/-8qN1tmwOlik1QKzGGIfWQ/8JRcgh-MdKGW-PSs4KS1vB39UpGaveWp5n152VKJQqJvMjsc2LCn6Wwhn9ULvwqgqXHerQYN9WHrehMnWMWcYNEYg2tz4hguzqjtmBFPQBL8FPWgo-RnSmAwa61dU25CvRE174DB3vC6K69k_hRI6NQAGmaI_1BiMI-sx4TcESI/1-FqGE-XvL-PYdd8G4SjQ0wRc2ngRrsWx63zlGnXvu0),2023-05-02 17.56.08.jpg (https://v5.airtableusercontent.com/v3/u/25/25/1706493600000/d1DBXUEYISVakXE1T_IizA/qsLnbZAGXs7nr_1FPOXpBqtuPKkd8Jtrb3X3KZJUVYnQTTf2SQZ2Fn8hoTWkqd1TYOawMjhnRTNyMOdwtR7ENWAQbqX8QWq_LWq4Sd7gF6HCCszoq5f4nKfUIe5_NIGeHjbPTa9HYunxHBKiGwYXsWABFIXxb-8aV7OzTfcAEzE/szxIxQOeXkEQ9R5OeTAup7TkTc27aY3-xv3nJfNBdHE),2023-05-02 17.56.09.jpg (https://v5.airtableusercontent.com/v3/u/25/25/1706493600000/k9ZJGoGh2q-SodX8VGOlSQ/2CGNXu8XSv560V_g9UgZeSS47RJix93JBHXjJAbV54RkIgEwIKWZSp8OWS-PFuu6-RJNC6C4LwLBshHhT1prRxESwsyOsCu21KL97HmyqdvST6kUNCINlws0b4TMRtp-IjJajnhfXbQdnKRG9uIqgbD_heImXSfq-AVY_QlzgJs/Nu222UCKoG59XHcu_1N5mKrnNcRVgai0keK7Yz0QqlA),2023-05-02 17.56.08.jpg (https://v5.airtableusercontent.com/v3/u/25/25/1706493600000/Mdn05_SSfoCoymTHwwMHkg/pzzdH-Mc-U5lR6xCNGhx-VsQBB1MWTrS4mPqEncqrLymQsFQgOgRuBPIsog674WOyO0y8H8PgNmtS9-jX6eqrYduFT4VCsTg2lllSwnNjNtO1sUqOwnTfV9iecuuxX6G3A1X7FkQRHQqe9c5Zql8qNphJKdkghQapMplWFuKgMk/jtBhsvn5pf4yP1ewUIFyPQuzOxVMkTFF3A3vsvmcHEs)",,Current,Instrument,Guitar,Edwards,E-SN-185TO ,2010,ED1826677,,2023-04-10,Reverb,$1500.00,$1162.14,,Strap locks,,121,https://gearcheck.nicholewagner.com/item/121,recZ38fRtdQ2AlfF2,,,E200001D700D01791780A09D,House,
Nanci’s Taylor 612CE,"2023-05-02 17.55.03.jpg (https://v5.airtableusercontent.com/v3/u/25/25/1706493600000/fggEonHT1pwK444fQ_mx-A/N-kqqLNgp0njw-j93X2YIPqN1lHFqusDZcYRS7Mbqh6Zmfju1T2VyBNNgao1oMI6Pi0-1X6YDhnq2cxWAYdykFrPnJiMQlMogqZudJbkW9QdnDTtFXLyUf0fni4-XOEr0uohKttP2tNdmUC0zvVjRHraK0n1p2KFqy_C0z-hLGA/us5ytFK8hjCCI-1-xNrCJYT-e20MePv-Y-Q1Ih2DxY4),2023-05-02 17.55.03.jpg (https://v5.airtableusercontent.com/v3/u/25/25/1706493600000/P6A-oG3RmrtlKWn5qhWldQ/zuJzm2JmNVSN05YPOcgO6fMnSGWNGdqrAEdDFRvvpBylDdLbWjLfjQLh0DVgEUzM12FCJgN4mCjonszN4Nj4khUjGBvh18fqeuMUs2ol_kZ7JsDNTHdLFFaLonXjCV7AmqNbHXCo5JyOup_9WIwsvYP1aa-zdTzCidodg1CGDwg/-BZ1E5EjSPGPt_kSvXPFbGOGHG4_Rudo8XVVl2EDjtM),2023-06-13 20.14.03.jpg (https://v5.airtableusercontent.com/v3/u/25/25/1706493600000/eQyVIpABmpWw69JteFSZOw/ucWjZ0uGhu10N0ZZIgFBrZRt9t6WlK9sGzfUcWbeqSpsj2-KKPUziAm9OylSEs_AKxzR2jbO-ruLKZ_xllMftkNu8u49MXgjgd1MR3Zr15l7jBeofbqlLrgO2BQbjRZHTzHDQxq32dh2_zzMySIeq8fl6didsp-duQG82HpsyFc/66fhV7zozS3gKNjeWAC9uBRUZSJF2waFl_kyLL2S9SU)",,Current,Instrument,Guitar,Taylor,	0109300888,1998,980814110,,2023-05-02,South Austin Music,$6000.00,$4303.00,Strings - 2023-10-14,"Strap locks,Strap,Capo,Calton",,122,https://gearcheck.nicholewagner.com/item/122,recHl2d5vKim5msuI,,,,House,
Gretch Dobro,,,Current,Instrument,Guitar,Gretch,,,,,2023-05-06,Freebie,$250.00,$0.00,,,,125,https://gearcheck.nicholewagner.com/item/125,recpAKFGshTbuw7mz,,,,Shed,
Bonnie Raitt Model Strat,"qfav2azc0ycppdyn38cf.jpg (https://v5.airtableusercontent.com/v3/u/25/25/1706493600000/U_yMDa_MGop6ylA5BbVFbA/JWGgDf17hzSAJohxTd7gCGndgMsiDjZvHslEaugHSwTkPYEKi_FZwpxDqVMmPuU5x9IdLMLz17tx5H5yAdfByNrBtJQdtcKfi4iVOkD_cbRxuDFPECrJn1S0mZWhFg-u74b8524KnBxgcTVXsI7glBy84lNPti5ubUaW-dg_Tyw/E5UFtpxcYqZ8Ut4L3ahHagB8RGxIDvIo2i4Tq5uufIw),m3uu2luvvqukgwdg7biy.jpg (https://v5.airtableusercontent.com/v3/u/25/25/1706493600000/bS-5KDKXraa02TTYDcNbCA/vXVR-KxdOZ4HZWoOsPTTCjPH1QVWD3-TBbp3mfxen_WOHoA6Eg-7TOAfT0plxmSakBMFgzyXpPmC4lKekUmt0S-RFpxH8A9AkjnRjyuQiqdRdDqutu3iKGQ-QJmpuIsUxz9jvkxVTgyBEIIFBl7iFqQIdK6j0kJ8v_2wc9SzaBk/M98_o3HjbGiwF_BBLjU7KAhcj8oGuhNaNMLChbdP5hg),ovw403rlk5bwnuyljr6b.webp (https://v5.airtableusercontent.com/v3/u/25/25/1706493600000/NLX63DwfnC7EV54IPdb07w/GQ2-6rCNXqFKvjQcoS_8BL3DI-rKIJ_LEgFnu_w8915KZSb2X0SdGfPVsAav3bXX_14RegQDL2ECorXvI068rWUQEDLvzVcOetwvYI3dl1pO1Gp3kaFhMJkd7hgY0MwKCopbdyIX3J60Q19CHRE5F3OZC5yGpVPLknaNMoXN4_w/saxuL7dbSCNX0dNaDhrXZ37BBll3vAB_i5769CFLogk),hlpni1k8c9smr49pdf9k.webp (https://v5.airtableusercontent.com/v3/u/25/25/1706493600000/akaHFsKqznlioxL6aGEe1w/qeE3_U7smnQz-y7agg_bFRG-N4Zo4C54UH1NVtTOBiR0pZHmoaP4Q71xgAOWhfISSs_zuTJ8aq_tXzgeHIq6lRLxiHWZj5A9cWMZLGuRxNXunHt_z5_dAhtxLPX9K-QSjtidh325-XqCB6eAWK8uFAxE41gyjGv6me3iZgcrmTs/iu25TsdX83gCEHgkcc6z7rQKTPpOrN8S8kMZdyvxYyc),vzefsl30b4hwc8hnxo9s.jpg (https://v5.airtableusercontent.com/v3/u/25/25/1706493600000/JtF4VYftDTfXsA6RieoB9g/RLhT1Co7W57RsJn2O8s1I2O2nOfyNbScLcBDIO35PIM3diDOeybEC3VlopvbtaBHBEXa7cDTdm75oOmx0jhWtVFvooYRvOXYklkOslti_obakj3ZSwJR6R8vDqgFB4YY13mkU0eStwJeb07Gdx-qWggRMiv6R2klwU5w1DwcSJI/MkJgKxa_xMVqrCTx8J5T8ZsA0nb9qRbDIemWfma7ssk)",Screenshot 2023-06-21 at 10.57.41 PM.png (https://v5.airtableusercontent.com/v3/u/25/25/1706493600000/DA8PbWsyKvnV_x6dJDZJ8A/_fTK9Ki4yqAsaSOd-h2ZlP4vk2HxRrttF-IPwSFrtKtCurg2e9P0Dj1eTW5p5SsRLRXZMVe8DakI5HPsqvI8Gp7gAKcaQE5llWSrW2bYmoEz_Vs4-uSdtb20f879rxHP04ZqjU3-mWom9IKEUH0V1qMYDEbvslxwk00jnV-tH6w/mPQ5-MAJeFshlmwhP6ZRA8i3qNiNXMliF5yhhRpmX-E),Current,Instrument,Guitar,Fender,Bonnie Raitt Artist Model Strat,1998,N7324689,,2023-06-21,Reverb,$2400.00,$1948.50,,Strap locks,,123,https://gearcheck.nicholewagner.com/item/123,rec8oMD6qHwBrOtvT,,,,,
Klos Carbon Fiber Guitar,"2023-08-25 15.47.37.jpg (https://v5.airtableusercontent.com/v3/u/25/25/1706493600000/lP_l74T5ay9BzakiqEPD4g/uwPyFeryB1ID2PGcdTEEFa8toCRyhyAsRfqfs7XrMq1MxT9n1OPCbhtBCI8XIVtqb49-k5ObcW70vQunuV8dAtlsLJwPlglEb0qZWUXx7IuCr2CtdnpVkYV_nHOP6gKDzi8220QthRWDSnf0BFAc74U5opYE_bkrEuBWo8rZ3F0/TbQ7EuZogVZMyfTS57vKZtQZfpjOg7dOHIH5S99p_ow),2023-08-25 15.47.37.jpg (https://v5.airtableusercontent.com/v3/u/25/25/1706493600000/J16bjVrYNUL276rB59ceJQ/Sbdm61SGutmNwv7OtqB1HbK8NvNXSkXl0dYUkKu9pDfr8CqRTNmjnH9P3oPfgIyFOsi2uIfVSLFugb3IFbNZrRlZVXHq2QLlWVahx0mjpSQLYnjN-PtwYr9EVPb_pxNr-7YEnAbPTUi6hXXIO0M0OtPw66TCZ4XVpia9FR2_WV4/DTLrROjcktoZMqp5W-UqBO0-WliOlwoz-3_-ldWSumM),2023-08-25 15.47.38.jpg (https://v5.airtableusercontent.com/v3/u/25/25/1706493600000/_6Hg_S2ggh3qh1Roa8UGZw/iAP7jTSTaxmPu3EHLpK-fqeFU4-a8CJJa628Lx79HjEzU6f9E9vYTJEhPlKCJRuHS5HQKZ5mhMUaVf1qDThX62iw5o1j4eX_KP_nAaz72P_IDFxxDItU6CXm93e60_Zypa7a_50DGtKSWDTwAtC-om8WuxZgWHUF90oF7Zt8IuA/l0xWQwdBgdgaei9i5ceqfnNo_sI7su04tvn58otmfVY)",2023-08-25 15.48.06.jpg (https://v5.airtableusercontent.com/v3/u/25/25/1706493600000/aXxd2pSOcMIjkaUGUPev2Q/7fxlszeidIKMgcX64S4SgBgmcwMeMxsxahbIRXGOkoDOst1Dtecb3KEW5zHTmnH7gi1SCeGjgY45xF_66WaQLH7bKSBe707HkUgrluQb1NvZWXKI3Y5d6tKTlUgx667XBdLftKsHAsxOye51p8iYUxrdH0zEIXkhH_7BhaOjkIg/ZuZTVaj8Z4TdL53OIDZ2USx7sdEvzbvkTBYtMfM_4d8),Current,Instrument,Guitar,Klos,,,153381,,2023-08-25,Goodwill Auction,$1000.00,$425.00,,,,131,https://gearcheck.nicholewagner.com/item/131,recqkhNuvQLy9SU9g,,,,,
Burns London Steer Electric,"2024-01-13 20.35.00.jpg (https://v5.airtableusercontent.com/v3/u/25/25/1706493600000/Kgg8avVROePX9ikIjxZhdQ/nSS3ywttOc0UrdkLS7vPewt-dsKxMbf9k-D4vB4qiSHGHuZ6jQCG-H7fPYhfbl752m7yWvOveNCbDI_FjbJZzLaVKUvx1loDSOac2kbh9QdpY3iciwKO0Qqok-cibh1yoB7B-ZAT-uCGQF1E_t8k1OdkqvRwQ54EYSehgEwePns/DpJOR5f2_p9m7SOVVnQDEdDieS9rxmL8jLspZEq8Vog),2024-01-13 20.35.04.jpg (https://v5.airtableusercontent.com/v3/u/25/25/1706493600000/XZYFmpdf2S_ci91bF0Kndg/jFSudZ0cRnJvdqaGdg4aKH1ZW10Uc6PpGm1JHXHszTN5B3fHEakc6hJHIBatoDKbqd14ZIiRkAFIk7bVB770_pyB5ulRdgeLN6oq2SryUXoZG01rAUWGqPu-qiX9Fg1a0xIcZvnh-d9xw7jPH5uvJyROvp_s8H4DTads8V-dwm0/KCBDlR1EaUL-tNro2P_HmBQ24udjQmwfliJXjW4N7HU)",,Current,Instrument,Guitar,Burns,Steer,,0312086,,2023-12-29,Swedberg,,$700.00,,,,134,https://gearcheck.nicholewagner.com/item/134,reccZo2lTBFSiZWAS,,,,,
Mono Dreadnaught,,monodread.pdf (https://v5.airtableusercontent.com/v3/u/25/25/1706493600000/Kzeu8LOrwNAZrlw9pT9oJA/NJcGxuv7IF_YBzTVbk_4o1oY3S6SY5BU1akfUZ__TYrYKT9WY33VBWBH6vx0KzptqCKbP7yztTf1ZccSKaL-zYqIt56g8sP2Qnss2NYBOsH42Yux3a2y2uF0V4Ukct4mazuM-ZNRv3l65f_njrVfGQ/YeNDoES7qZeMJP52wVwRBFdlnKCG_5MsXOjaoxtRp_M),Current,Case,Gig Bag,Mono,M80 Dreadnought Guitar Hybrid Case Jet Black,2014,N/A,,2014-11-25,Musician's Friend,$250.00,$195.00,,,,6,https://gearcheck.nicholewagner.com/item/6,recIrFXAXWCrGs8G5,,11/4/2022 12:06pm,E280699500005005EF4471C1,,
Mono Concert,,,Sold,Case,Gig Bag,Mono,,,,,2015-01-01,,,$228.00,,,,4,https://gearcheck.nicholewagner.com/item/4,recrocEZOACVpJfUz,,,,,
Mono - Guitar Tick,,monotick.pdf (https://v5.airtableusercontent.com/v3/u/25/25/1706493600000/gz_FJJSVS_0gDbEUxL6e4A/raRCy2Q-PVfwLQ9d1-HMlB2kWQgmOXIPwyVnCc2Zx3WvzBQsofTAj5XT7H-5OOtkNT4RUYDH7Dif9Iby6hDZx0y3ELJWjvkY1VW0LHTGtci4dm12iIezStN3hr_mJgtmyt2RRtbnu_y1giMjwrHGBg/kxPfdmGRU85VcgWtn2xRMDy72RUZJzFNwI58e46ryI8),Current,Case,Gig Bag,Mono,M80 TK1,2015,N/A,,2015-03-15,Amazon,$80.00,$75.00,,,,56,https://gearcheck.nicholewagner.com/item/56,recEET8YYerP8BHlo,,7/31/2022 8:56am,,,
Mono Electric,,stratinvoice.pdf (https://v5.airtableusercontent.com/v3/u/25/25/1706493600000/nkhG_Me2ahhr7bg0zqQINg/8kyS04qRnHMuP6I5IvMtcOlp7zInJa05g-ZpBPWvCzmmfutD_jdDoyqqR-v2dX-FAbmeENr_45Wuurexr0GMZWYvL3kBwmNm4RPbGC5CtJQ/BBKjoW0GZNLSUo4GkJchBG0CP_rFkAmNUPl8tikZXzs),Current,Case,Gig Bag,Mono,,2015,N/A,,2015-10-16,Chicago Music Exchange,$250.00,$229.00,,,,11,https://gearcheck.nicholewagner.com/item/11,rec9gBt91DDPFaK78,,11/4/2022 12:06pm,E280699500005005EF41E5C0,,
Mono Electric Sleeve,,monoelectricsleee.pdf (https://v5.airtableusercontent.com/v3/u/25/25/1706493600000/mEHBePIOQbh4gy61aUi9zQ/fCg-COR--0rokv841XTJbAVI9LAWQC-L7_FIdNpRttxOhpS3EAfGbIXdCzXzBOujciomfvWXWacSYlKivXRyMOMis3Y8zKPr1R1Xf2UOoIlWY_XA3tttFcsBkvaCqtVCqKZ1YfQxvkaogEI1Rck05vlnbMjwk4pNGePqvSJuS5Q/oethVKGmKUnCDSxK-iURwOMEAAoObTHsT2-TijS4XoU),Current,Case,Gig Bag,Mono,,2018,N/A,,2018-01-01,Musician's Friend,$250.00,$175.00,,,,19,https://gearcheck.nicholewagner.com/item/19,rec1ibyYTBpdcUZ5P,,,,,
Mono Jumbo,,monojumbo.pdf (https://v5.airtableusercontent.com/v3/u/25/25/1706493600000/s7QtwjAP07s30VCOzS2RWg/u6qLSQWzhFNaqiyR_kIaGbAxvaB3kGB8x-VjH5CWEMtDTssrJ6KaMA9KgfKYVajfYCvqr-kKCCZo4hYnoqXWhAeySG2eoDPEc14XtQG1akgUIzoD6WjaI2V8muiMmCMQlUymAPW7L2QsMt-gKPfuRw/UFfRqUW7SB778qmEL4GxSLiiQm2mm0HMQksyNOG-YiM),Sold,Case,Gig Bag,Mono,,2019,N/A,,2019-06-01,Mono,$269.99,$269.99,,,,27,https://gearcheck.nicholewagner.com/item/27,recoRm17xGyTZ4ioL,,,,,
Stand Bag,,,Current,Stand,Gig Bag,On Stage,MSB6000 Tripod Microphone Stand Bag,,,,2019-09-04,Amazon,$42.00,$30.00,,,,68,https://gearcheck.nicholewagner.com/item/68,reci6AswlVHeAQndK,,,,,
Mono Pedalboard,,,Sold,Case,Gig Bag,Mono,,,N/A,,2020-12-01,Reverb,,$125.00,,,,42,https://gearcheck.nicholewagner.com/item/42,recXQY1vNkFpgIgyy,,,,,
Calton - Rosie,"2019-03-31 14.19.57.jpg (https://v5.airtableusercontent.com/v3/u/25/25/1706493600000/n8Rcqgu7YtMzJfB0np4bGA/UjcK8H9xXqim3y7GL_gb7nLLlcsZM-zIBYDM-FnO1zwR_34h4jep30g9_u9Amjn0vfLJAGNEuGIFVpZ0lVVQZm9OA5y0G8cMN9K5iGcWMCcgkIvfDKcji_TbT-RMRaI-HPt5kw4OVB-eV56Km2-_LtyoxnlbV4LFJgVOGN-5PWw/eSvWNsapWyPj8rwSoriqXRYm0asY9JPng-w7Ri9F3TY),2019-03-31 14.21.48.jpg (https://v5.airtableusercontent.com/v3/u/25/25/1706493600000/vTQN1DJou0O6ri7sCjQhzw/8ZQ1eV49p4RSFRmQTj5M6y1NleYJk-sahJbijr3M5x9rBiXQHDPUPCx6Ms2Qx3crlcAdq99T-Gsmk39AblhQGYqNPo0DYqFovAZ44UafEedvvilwiEMmmrk8QIKUbTwa6xiiWF60ssBVpygcfsXnBDQkV5Kic3um1xRix02zC9I/D4U9W-QbHzF6_zeYO3KHnaqYjDJQdyA7yvlkuodnQHg)",,Current,Case,Flight Case,Calton,Jumbo Dreadnaught,2018,18-601738,,2018-01-09,Calton,$1600.00,$1673.75,,,,20,https://gearcheck.nicholewagner.com/item/20,rec0CJQ7fnlRP1JY7,,3/25/2023 3:33pm,E2000020270F015011807977,,
Calton - Bobbi,2020-11-24 16.13.11.jpg (https://v5.airtableusercontent.com/v3/u/25/25/1706493600000/hMTyTogQXoAByX2DtgM35A/18ONxdk5eL0P29V9SgLzHxgJGLHgRITc-OGHfq-6vRDKiqGUJFq1Jtl4oOV3DG4hnOXSnRV3MvVD3-EX_TMghG6-lRez4gIRXMl8Gtt9GhZjq98X4dXTm49V6W2LuwYRAD4oBRg0zaerAZIqiBGwXkfbJde-Fm2ofR0bBTOul6c/iOOWRrz2ovBqzdxnJL63OC5AQr9_xNwm6KTl-YKw6kQ),caltonBobbi.pdf (https://v5.airtableusercontent.com/v3/u/25/25/1706493600000/fgXByONtGxTwxzrPQuxQ9A/_aoUodJT-BnGJgw3NpC4ek3W5bGjOV-hAKJL-xHveg62T2uHDzM37d1i-YnrOli6W_M9POqON7RgpnEghiYCMhM5GYEAtyjUHAl36V-1T75_rr8KrxsnqZeGYE0iGDyKIcO6ZvAoryCKHl8qaihrvw/3e8T7_keCFOKGDvOdoqfaESI4zOPIrULYbn3pmT8y0s),Current,Case,Flight Case,Calton,,2020,20-602335,,2020-08-19,Calton,$1600.00,$1673.75,,,,39,https://gearcheck.nicholewagner.com/item/39,recQgT6Te0OAcoWFZ,,11/2/2022 4:42pm,E280699500004005EF4759C0,,
Calton - Gillian,"2022-01-05 20.01.29.jpg (https://v5.airtableusercontent.com/v3/u/25/25/1706493600000/jk1Yz44in3BREOgf-aPnUQ/zwZOYWwYa1QnZA9ZgYA4FswX3nArQt0P5qW0elmT0c3ntmfgnyDCQbO7c6PX3OxhwyAGTr-0xmVGb8KpYaHQ8wYSlm9RtTYfGVuxCBK0_ACujF1rUkoirac8od1WfTXO_qBttjmMEmkGo907m46vvxtcxzQZRVEA75lksNkzXVY/DJTZnuR69J058chpUXJXZ8LuwnssM9V1ZpnnZSbHuIE),2022-01-05 20.01.44.jpg (https://v5.airtableusercontent.com/v3/u/25/25/1706493600000/2lc66jjsI6llo6axvd_K7A/QEXFNTxBs9sS4aa6sk1M27JFvk89b6XFpunuPuaRNAPjV5eSxrGA0tLwMQ-FT1fGOGKyZ3fYSwhQYNEQfevqad4jCSBo7uyvcQK6RjS1E24ZEnhWLWgXrmcKjNdW2aFoq_N8IAXYR2Psh3-0L49AsASQ1HRB8DBR8wy6NfSJk1Q/0gD1DMh-5HjA4dLhLkRw9xRNZN-PBZVxy--6ekVETi4),2022-01-06 09.38.31.jpg (https://v5.airtableusercontent.com/v3/u/25/25/1706493600000/pvL_4cc51ZC-CNEXoPk26Q/10-cYtIMm7bYsfEcb-oiyGLuGfQ_PnVkuN69hxi9RGCqKiwMGo4knbTq1XPBu5t-5fRkrGjnH1GjEpR8OWeAdb0uvOtcd98mSWoFfg31nrVLQ8dOU-39DklIqlf8gEyNMZUHcLAPw8eTqZ1_ImhHQhayTRwnQvPyY9se93lyMAY/xg9w5fk0chVDKFVfghaGfc4qeb1fRB09B17Ncq7zdns)",caltonGillian.pdf (https://v5.airtableusercontent.com/v3/u/25/25/1706493600000/-OK48FW0mE4NDH8jhckZPA/6twcwDGgqcx5Zua2vdEESlQq_EVpFufbPGj5-TCJCOEly3JKTqFbPBo2la156_wByhAuYEWM13yaflV9cYaSY2_GMvu8G6HsMAbT_qAfyRZDb6QN2B4R_cVY7NuNFRiBhv9ZW559wqr7h_fxXu754A/-ZqxEzlFtdPSH-cPO8EFYgpXDDqdRJ3ldFEIsysAKgk),Current,Case,Flight Case,Calton,Jumbo,2021,21-100591,,2021-09-07,Calton,$1600.00,$1673.75,,,,50,https://gearcheck.nicholewagner.com/item/50,recWX3AboPwir31L1,,11/4/2022 12:07pm,E280699500004005EF4479C1,,
Calton - Strat,"2022-01-05 20.02.36.jpg (https://v5.airtableusercontent.com/v3/u/25/25/1706493600000/4kSNRV-KavGodEDwwaFYvQ/v1XV3CkUb3EWhJSCOttpfW8epVU0yqascoFrJABhJ-_Ckmjd7x5-OUVLWiMtPb5Np47fvO4cxNqXch2MhvRfGMToTX5sMfvdG0ZcNbZz6U1G-S4sRBmkmhhKEtz00RyT3WjzQVwVK5nQn5VUL0ttnOlc6pGR3QLvusq_NouhhSE/aD-lVxmt_4UuuyeypGcVmHBBrskRghaPvA5cwsa41Ms),2022-01-05 20.02.49.jpg (https://v5.airtableusercontent.com/v3/u/25/25/1706493600000/OQjkXrHzUIXdLyq6eC5i5w/unvZ-2xxXyXd3kQU6CbUet4uq3js9XxxI88N5Nno5fS3rMIAVKTy0MGNJ-P4nW2wZ7ur7SzbIlvYOfyLVXFf5iA6MhekV6FJ0oseVtLonYYVrcGHa6GBZHBosk0ZNFDvjxTuGN93nvIpR6LmaWHt1_clgb4A5dSiUpI81d2QPoE/-x0v34bZWFEP50QGIqRZJB9n5UdyXaHT_lsOx3JIxvY),2022-01-05 20.02.54.jpg (https://v5.airtableusercontent.com/v3/u/25/25/1706493600000/-1b4XHtrqONhyg8k7-3zyg/HkvV5zXJD2XyhirZHx6xKfrR6RayuYL0JmtYSQEncwVtUfEW5VaJUi_jZDUEiqqWJo5rvnJSKLjFTYSrMC2Yg2x7v5ruTGgKJTvf6pme_hQGeLkBm0f46Lol5rAvpEktKgyhSDzg_W1kxukujYZ7xmHruKrfCWbGG9HkP5M5PQ8/hEOkM2KQcoiUy6aQGuk5FUhu6vlUoVglqMDPsBYW3h8)",CaltonStrat.pdf (https://v5.airtableusercontent.com/v3/u/25/25/1706493600000/hRGhApjVh6fg8ldMUmn8IA/O7HfF6FvgL1B3Ki5sSukjDALeUf7HbGKdtVaOAK8Jy7CYHV7EWQTUf5xFZhiW9zWBh8wPB93tRzFow2iJz3ZAYCTYE_lDxwiERK2-T9Y28Z7huqFW1yqW-8V6GPNTb3oFg-6tRD54SLZENSmtOLLNw/EhS66TANBV8QBUkSy1jEXjQ18Xr_yaaIgOjE0zG95t8),Current,Case,Flight Case,Calton,,2021,21-100690,,2021-09-07,Calton,$1600.00,$1673.75,,,,51,https://gearcheck.nicholewagner.com/item/51,recdoNDYAaRFLfBw3,,3/25/2023 3:33pm,E280699500004005EF410DC1,,
Calton - Emmy,"2022-07-28 19.49.22.jpg (https://v5.airtableusercontent.com/v3/u/25/25/1706493600000/xxqNkbTer72RwT66drHSTA/VYGyIiZ6wGxDQfwR4p1fpCtDzxumkJYUkcJQI34l-Obv2rceAPRPS1YX2zwmWsQvlmydoYQAW57FViU7lvGzWhhoBwGwtEGQBR7QhMuUojTCJ395TrLNHMxgQydydwR24nbxvdPPAu0TIiWknfIBVxjsEJc9aEku-bpCOGPyww4/PRSuy2gfD1RuhegTvT4nK_8y3hxeG2bjB_KBoEEbS-w),2022-07-28 19.49.26.jpg (https://v5.airtableusercontent.com/v3/u/25/25/1706493600000/pcdYId_mQTycZgK-nE78Sg/wmR2BqA-XT1hdNLqNZ5piWhmg2kB39q4EaVGrKnOQhap2xAiGV2sb1G8U2wcm-oV3jV-RGh6IurJJeaZ8UbiDqfZKSQ96V79po23Xx4Vgfmyr2e7UtUW4gS_eIRYuNrTVt1Or-Ztr48E0QwwzrYiBBAGKlDTZEFnTQGd3Y4-Y1I/Wg_iUk1c8EqueDjqEi_W1k6r0XybUwgZ4uxIRvv6i7Y)",caltonEmmy.pdf (https://v5.airtableusercontent.com/v3/u/25/25/1706493600000/8Ia4zWHJI-61IIxa2I33dQ/YTTjdkWCOynq28eCTDmhQq_JO0se3taEWjxyrSBtf_XTFMmMLI_icO0wKMlONM0YjTjeXJKzyKCCXZasjvB6-84XGqDzZaSNzEzLKkq71vn9F6UViK7A100H1Uozwvmd_YE4V-RihbGsAgCumbIG7Q/_MobRbve9_3M3JDcqwNVwqS-AMmoO6rhbJozL5BZsq4),Current,Case,Flight Case,Calton,Jumbo,2022,22-100681,,2022-07-27,Calton,$1600.00,$1673.75,,,,57,https://gearcheck.nicholewagner.com/item/57,recN3s2dV58GvGw6n,,3/17/2023 5:27pm,E2000020270F017207009476,,
Pelican Case for Mixer,,,Current,Case,Flight Case,Pelican,1510,,,,2022-09-01,Mercari,$250.00,$180.00,,,,117,https://gearcheck.nicholewagner.com/item/117,recB8hPdD0lhAughq,,,E280699500005005EF4495C1,Shed,
Calton - Nanci,"2023-07-29 12.18.43.jpg (https://v5.airtableusercontent.com/v3/u/25/25/1706493600000/Gh6lS5rEkqMsGi1XG63lfA/p6mou47HpQocrG2x8kpRdSQi9rnDLceC2XtkwPZ5BlZHewfpYEffmfW3vy9S8glXlB-6EtLCafu1QQfpf7KwbgaHad6wWdCn2pLPFe2bY2RuApS6TNJj3m2Pi-ePtw725q7As-eZDwuuWQgnV5ednS1XyJaI9dGxcFiWwprALac/Ca2sbyhQ6uOani2Ryuig4bpV-xrgvGFnvT25MfsVPOA),2023-07-29 12.18.43.jpg (https://v5.airtableusercontent.com/v3/u/25/25/1706493600000/rbMFKeGUmAQL3l285mobEw/pJ9EAxYGVQdQGTTRDrtpGUoW4I5vAg2iWeO0RECo5_u25CYw6U-MbtH05869rlg-lxHcCC1lRnLD9S9fN7kn7tv4t5xxliHBzlAoJ0o2HOm1DtKjaJhZ7GiToWn7tECLC-WUZ4pEv3RVGRAgS-6MJcDFMvn45aGivH0yi0RWc_Q/Vt82UcaNlooVnyC1FNJ8j2AWy1v7NapOGzHL9_MB978),2023-07-29 12.19.02.jpg (https://v5.airtableusercontent.com/v3/u/25/25/1706493600000/946YnzP5cgskM8ecp_YaGg/urYS7i_NIcwEsfv6glt-7VrjbboLlFy8CCs7sgMqaugkblMuv_6vZkCGaPSGWIzuIaj_44QtAhCohgmky-UGhrgHUVD7Z2TmoQrKWFC9Pr_x-Jr6y0BIQ7h2ClvQYiKxvy_sdfCosaQS6XV7v0wZNohTLe9ZlIKlTm0sP-2ULNM/-sJSdvg-QBMS0b0x7CIA2f3tHWRwYRNh5dO-ZN9w9UE),2023-07-29 12.19.10.jpg (https://v5.airtableusercontent.com/v3/u/25/25/1706493600000/kvMEMBvoZHdwbBITzbJEhw/Y67FUXN821miVyQXz025ZovSQc2uU31RAY5Ha3RiECXMsmxutVOxQZDsWyf0BAhG8Tv1oXwO5a3qlV4T1-XGsMdee269V4DFn6y-6r5zjUMeAqt6OuAtoNEUypwhnARNjIPrwmTSuRon4qzEB-xDg5Fkv46ZkvK2hjpgOHl2xJA/m2NmKpH0uql2L__c46-YmV9Vl5ZXAE30qHnMFQs5liU)",,Current,Case,Flight Case,Calton,,2023,23-100480,,2023-07-28,Calton,$1850.00,$1650.00,,,,127,https://gearcheck.nicholewagner.com/item/127,rec9zcBfyamhi2Lhb,,,E280699500005005EF4485C0,,
Calton - J-200Jr,2023-09-11 11.54.51.jpg (https://v5.airtableusercontent.com/v3/u/25/25/1706493600000/JbEo3Yru1HDojAkFWK1ejg/2EXww6keOz3NYACFhQs4mJxdwApHpgDunIKXytC3ejot5v7nJCnLPyXtfOy8ozJKE88U6DKR7ke15D2-i2C_wrLWOhRAbhzUxMu3ni3DUaukB9uWhLN0F7P7VVBvgnK-c-d4GgMsrjGAGm7G4VnTeoXmGV_DVuxa2h9gY9nsyCw/58EM7P83QoJVBCQIuw_FDQf7gasmkzl61e065Qm5wpU),,Current,Case,Flight Case,Calton,,2023,23-100529,,2023-08-11,,$1650.00,$1654.00,,,,132,https://gearcheck.nicholewagner.com/item/132,recnMVCTbFFVI11Sy,,,E280699500004005EF4459C0,,
Dadarrio ,,,Current,,,,,,,,,,,,,,,129,https://gearcheck.nicholewagner.com/item/129,recrsIbu77KYRgXkM,,,,,
Merch Case,,,Current,,,,,,,,,,,,,,,133,https://gearcheck.nicholewagner.com/item/133,recgRzd0fDn9PCjjB,,12/1/2023 4:29pm,E280699500005005EF43F5C0,,
Fishman Acoustic Amp,"2019-03-09 13.05.23.jpg (https://v5.airtableusercontent.com/v3/u/25/25/1706493600000/rya_tqfvWHvVfK6P1ORiNg/AT_J1jxGlN_qDnIfNA_ru4TRsz3j0dxXpwUd_25lZ2ehkYlHEoNb0j2Bovs4WVT6oYsGNmetD-CyOiasslFjTmcQjc6DHC3QNdO4SFEH8vXTX2Prt05jeyEoCI_Jzf5soL-UPksJMlZydQyxrKGPHKeUxTWDfsWs6MwhAIOky_Y/BQMASrX2tvPHoyt3X73MuCjkLJC0jHWT8xdg6Gw_kdM),2019-03-09 13.06.10.jpg (https://v5.airtableusercontent.com/v3/u/25/25/1706493600000/roFanlRw2hEM_xS1Yt_5MQ/Xx8m4nBP9mBTJAtucGQ1Hx78s4kbNGgFv11p39I5BErZYsOrbBwmPRi_tVyT-B_4Oais9DlLWTbU_0KhBQACtPiv23WFgUnmI6NGUlGLXtkfpfKr638aOZ6vm26Bfwmmb0AhQQVCR4TWzUHpSHmBuFD36C7Dt4mBPYR4Bv68c0Q/Y6MmipJvPZJA7DMM5chOlzSWhRUqm33tdN3v7-VjQmU),2019-03-09 13.06.23.jpg (https://v5.airtableusercontent.com/v3/u/25/25/1706493600000/L4K3wt-jJOKNZShG2OICgA/4_Td2pUZHdHP1vV9w6R20JciI_RWKWyx0eGdLX8QPuFeBeHb3qzafbrAPzPkyMAsfCjLrW9NNZfDHcOEsG-Vr6o4-RLJmfVZbQGxUVgaV8-IwOVI27Fghd6Qz2ihHEVDeDuB2novff_kzAH2RH3W6wRAgHQXNoGG3t1fDv_cNTE/447hiefBbzo75TE60bqCrSS7Qf4AyLYiQNKcUILu3NM)",,Sold,Amp,,Fishman,Loudbox Mini,2018,LBX500-E310484,,2018-09-20,Reverb,,$254.99,,,,22,https://gearcheck.nicholewagner.com/item/22,recrdfu6kk6rWkrZj,,,,,
Fender Pro Jr.,"2022-08-20 18.55.44.jpg (https://v5.airtableusercontent.com/v3/u/25/25/1706493600000/O0_k8Q1T8VScwPdz1Bu-IQ/fA-OmMd5tGA-jzOE0ED45frGetz_DFJDE443hHt0b-S09z_ZCkjwYK2jw6dcz8ocagtosBgh3j5IhozRXdARMHCpDNxJG4ZWBwK0fD8YVpiNTfbHgNSA5hcaDZ8_ulPzm4DG6YA2a4COTBVE1ygonTXVsujMeizvTfLXjyrIJR0/-bPjQVQ2yU_y6lLBlY4aFF9T_9JjWb49XDktWsUPeTo),2022-08-20 18.56.01.jpg (https://v5.airtableusercontent.com/v3/u/25/25/1706493600000/GWy_WFj6PeIETb6RRmczkQ/wICy3Gx1X_pKA-x6R9UWfxaEZSEJuU1o5Bv-3ClE_L7G9fsu1TrZMRVuEqxrT3GQYh68lUoQSt1yb1Dw5bn17gf8Aj3qSSPHixXuVKcY4W6uLh2ocONg2XA6w6Q1Jzk3VPDyDnMgTE5w7fUHcjqO3RLyErMrojMS-mcGrKyqjTY/R3WsAq4ygK98GQF1v1i8tSott94s2QONb-H3U2axkUU),2022-08-20 18.56.12.jpg (https://v5.airtableusercontent.com/v3/u/25/25/1706493600000/AkPNch8Qt96f4__ucBnQ6w/sZy7qHUwEWjfXuWr-prEshRgBCd8zrBPQpe1pCV6BNTl5yf1mjnoikh2KeHbKJIgxVGpFfX2q6tRDcYsZfrQeIZW5cPpYcLtjsvih2vyIgku-04Qu2_41g8EQ9e6KjWgfIWQGkMn6oPBeAZxirNTlQYvawqwjXpfu9LBA3zZjXo/NK7Zo4nr8T-1KoCxmVMVLAN_0i-l-g540_3xCiCjfLQ)",,Current,Amp,,Fender,Pro Junior,,B-076065,,2018-10-02,Craigslist,$325.00,$325.00,,,,23,https://gearcheck.nicholewagner.com/item/23,rec1k7HkIvpYbOhyc,,3/25/2023 3:33pm,E2801191A50200603066498F,,
Fishman Acoustic Amp,vhuwepdhwlvyframkbvv.jpg (https://v5.airtableusercontent.com/v3/u/25/25/1706493600000/PkvggTWWi6Oyw8_JyDmIrg/nxZ1HyYgS3AQrZhjrGLuF0xon6sNQAKkP8qLkLYfRA4fdSfLYVWL7adqlpFq5SweYDzEN6di-T4KneFKA2pp7OOhTIe19rB6pZTlnW0RxDHOKEV6g39y6ieSikI8vPJu1AkPffC_lwp45VinLt-7pRn0MyqyYmLtyxqwLD7Bll4/W-jYnWw6jkw-_W9slrgYFRDMzhV0FZWGgmBUehRy1EM),reverb-4cdab5dba1deff9a91bd19061021ca52.pdf (https://v5.airtableusercontent.com/v3/u/25/25/1706493600000/gXQkaTJ31om5azHiLHVmNw/V2MmopszoCRn_XhDQgvr4E2clmWrerv0qh--IorV5R7f6w3TaFjKqds4RPwztsOCUJCviCmP6oiFCi_uBX0WkrVYEN3NDTLnIyEqSLA3Knqk4UiHmYE5loOL4Mk5IqP31OxWu-i5uVryjjD9yY-inRSm37q8rCrEhvfIVPugx2c5x8BfrGIIY_V2OPzxP53H/Kxrrxo8e-pxdRphfKeNEUs1PuKzd9mCLxXm2BT4NFtQ),Current,Amp,,Fishman,Loudbox Artist,,NA,,2019-04-27,Reverb,$650.00,$406.00,,,,28,https://gearcheck.nicholewagner.com/item/28,recMagXg2qQ2CIUDf,,12/1/2023 4:29pm,E2000020270F014315407497,,
Vox 15,,,Sold,Amp,,Vox,,,,,2019-09-20,Craigslist,,$250.00,,,,33,https://gearcheck.nicholewagner.com/item/33,rect7arOV6D0eSncn,,,,,